Title,Price,Reg,Information,Images
"2018 Peugeot 108 Active £7,195","£7,195",CU68YRT,"1L
Hatchback
Manual
Petrol
6,917 Miles
2018","https://www.sunmotors.co.uk/_next/image?url=https%3A%2F%2Fprod-sun-vehicle-images.s3.eu-west-2.amazonaws.com%2Fvehicles%2FCU68YRT%2F2fd0a29eea1d8fe42ea99f41b2ff337d.jpg&w=3840&q=60, https://www.sunmotors.co.uk/_next/image?url=https%3A%2F%2Fprod-sun-vehicle-images.s3.eu-west-2.amazonaws.com%2Fvehicles%2FCU68YRT%2F0d6e9d4be4dd73f348c97d6e695e66e0.jpg&w=3840&q=60, https://www.sunmotors.co.uk/_next/image?url=https%3A%2F%2Fprod-sun-vehicle-images.s3.eu-west-2.amazonaws.com%2Fvehicles%2FCU68YRT%2Fe237bbaa1312cd70201088e870d3d0cb.jpg&w=3840&q=60, https://www.sunmotors.co.uk/_next/image?url=https%3A%2F%2Fprod-sun-vehicle-images.s3.eu-west-2.amazonaws.com%2Fvehicles%2FCU68YRT%2F032dd48c2f6b01b41c2ec5d26ff6a1cd.jpg&w=3840&q=60, https://www.sunmotors.co.uk/_next/image?url=https%3A%2F%2Fprod-sun-vehicle-images.s3.eu-west-2.amazonaws.com%2Fvehicles%2FCU68YRT%2Fb93633cb2a4c6fc8ce27c231eb4db78c.jpg&w=3840&q=60, https://www.sunmotors.co.uk/_next/image?url=https%3A%2F%2Fprod-sun-vehicle-images.s3.eu-west-2.amazonaws.com%2Fvehicles%2FCU68YRT%2Fe88c882c2642d1c886a19721b9d239fb.jpg&w=3840&q=60, https://www.sunmotors.co.uk/_next/image?url=https%3A%2F%2Fprod-sun-vehicle-images.s3.eu-west-2.amazonaws.com%2Fvehicles%2FCU68YRT%2F985b3bc5d9181bbb532ef509d9f0507a.jpg&w=3840&q=60, https://www.sunmotors.co.uk/_next/image?url=https%3A%2F%2Fprod-sun-vehicle-images.s3.eu-west-2.amazonaws.com%2Fvehicles%2FCU68YRT%2F363fc7e7d838acec59b02dcbb75bfda1.jpg&w=3840&q=60, https://www.sunmotors.co.uk/_next/image?url=https%3A%2F%2Fprod-sun-vehicle-images.s3.eu-west-2.amazonaws.com%2Fvehicles%2FCU68YRT%2F41ea8cf88030ecc69f473f0971707907.jpg&w=3840&q=60, https://www.sunmotors.co.uk/_next/image?url=https%3A%2F%2Fprod-sun-vehicle-images.s3.eu-west-2.amazonaws.com%2Fvehicles%2FCU68YRT%2Fed66d0c83bd365d7485586926cef6ce1.jpg&w=3840&q=60, https://www.sunmotors.co.uk/_next/image?url=https%3A%2F%2Fprod-sun-vehicle-images.s3.eu-west-2.amazonaws.com%2Fvehicles%2FCU68YRT%2F87224fcb9ae8f2cb92e460c4c237cd8e.jpg&w=3840&q=60, https://www.sunmotors.co.uk/_next/image?url=https%3A%2F%2Fprod-sun-vehicle-images.s3.eu-west-2.amazonaws.com%2Fvehicles%2FCU68YRT%2Fa0db717bc9dbd95e6cbbec21d1061fe0.jpg&w=3840&q=60, https://www.sunmotors.co.uk/_next/image?url=https%3A%2F%2Fprod-sun-vehicle-images.s3.eu-west-2.amazonaws.com%2Fvehicles%2FCU68YRT%2F9fb925e75c353454df46010732cc007b.jpg&w=3840&q=60, https://www.sunmotors.co.uk/_next/image?url=https%3A%2F%2Fprod-sun-vehicle-images.s3.eu-west-2.amazonaws.com%2Fvehicles%2FCU68YRT%2F808f7e807268236f528478b617f4d764.jpg&w=3840&q=60, https://www.sunmotors.co.uk/_next/image?url=https%3A%2F%2Fprod-sun-vehicle-images.s3.eu-west-2.amazonaws.com%2Fvehicles%2FCU68YRT%2Fdf59c45e270540599eef7c59e4574d83.jpg&w=3840&q=60, https://www.sunmotors.co.uk/_next/image?url=https%3A%2F%2Fprod-sun-vehicle-images.s3.eu-west-2.amazonaws.com%2Fvehicles%2FCU68YRT%2F7dac4da521222bb38908779fe87b21df.jpg&w=3840&q=60, https://www.sunmotors.co.uk/_next/image?url=https%3A%2F%2Fprod-sun-vehicle-images.s3.eu-west-2.amazonaws.com%2Fvehicles%2FCU68YRT%2Fa3f76647973c1ccc3f82b99efdfed2a0.jpg&w=3840&q=60, https://www.sunmotors.co.uk/_next/image?url=https%3A%2F%2Fprod-sun-vehicle-images.s3.eu-west-2.amazonaws.com%2Fvehicles%2FCU68YRT%2F2f4d7550937199f8cfda7cd1368427b2.jpg&w=3840&q=60, https://www.sunmotors.co.uk/_next/image?url=https%3A%2F%2Fprod-sun-vehicle-images.s3.eu-west-2.amazonaws.com%2Fvehicles%2FCU68YRT%2F531e9c4421fbbe8ca79b63a44a2c10ec.jpg&w=3840&q=60, https://www.sunmotors.co.uk/_next/image?url=https%3A%2F%2Fprod-sun-vehicle-images.s3.eu-west-2.amazonaws.com%2Fvehicles%2FCU68YRT%2F45050aeddf897c5cf78bf5c491feb548.jpg&w=3840&q=60, https://www.sunmotors.co.uk/_next/image?url=https%3A%2F%2Fprod-sun-vehicle-images.s3.eu-west-2.amazonaws.com%2Fvehicles%2FCU68YRT%2F3b7b87a07d7f6e58bb51ef06ee050c47.jpg&w=3840&q=60, https://www.sunmotors.co.uk/_next/image?url=https%3A%2F%2Fprod-sun-vehicle-images.s3.eu-west-2.amazonaws.com%2Fvehicles%2FCU68YRT%2Fd9f5a5f5d94873330f93207caa8aeaa4.jpg&w=3840&q=60, https://www.sunmotors.co.uk/_next/image?url=https%3A%2F%2Fprod-sun-vehicle-images.s3.eu-west-2.amazonaws.com%2Fvehicles%2FCU68YRT%2Faf1a52b71eac9cb761ff59ddbdc5fb29.jpg&w=3840&q=60, https://www.sunmotors.co.uk/_next/image?url=https%3A%2F%2Fprod-sun-vehicle-images.s3.eu-west-2.amazonaws.com%2Fvehicles%2FCU68YRT%2F609fbdad84326ec0a99f47c31f4fc91c.jpg&w=3840&q=60, https://www.sunmotors.co.uk/_next/image?url=https%3A%2F%2Fprod-sun-vehicle-images.s3.eu-west-2.amazonaws.com%2Fvehicles%2FCU68YRT%2F5a182f09b4baed3f190cc631a8486dca.jpg&w=3840&q=60, https://www.sunmotors.co.uk/_next/image?url=https%3A%2F%2Fprod-sun-vehicle-images.s3.eu-west-2.amazonaws.com%2Fvehicles%2FCU68YRT%2Ffe0992993015c83d52464498060db347.jpg&w=3840&q=60, https://www.sunmotors.co.uk/_next/image?url=https%3A%2F%2Fprod-sun-vehicle-images.s3.eu-west-2.amazonaws.com%2Fvehicles%2FCU68YRT%2F72f3b49d3ce23bcc00b69850a8d8487e.jpg&w=3840&q=60, https://www.sunmotors.co.uk/_next/image?url=https%3A%2F%2Fprod-sun-vehicle-images.s3.eu-west-2.amazonaws.com%2Fvehicles%2FCU68YRT%2F4de6a8b736862b680e01ba283dae2c85.jpg&w=3840&q=60, https://www.sunmotors.co.uk/_next/image?url=https%3A%2F%2Fprod-sun-vehicle-images.s3.eu-west-2.amazonaws.com%2Fvehicles%2FCU68YRT%2F59f3ebfe1323b129fb43909aebe4cefe.jpg&w=3840&q=60, https://www.sunmotors.co.uk/_next/image?url=https%3A%2F%2Fprod-sun-vehicle-images.s3.eu-west-2.amazonaws.com%2Fvehicles%2FCU68YRT%2F37dc8992fe20659ab0f18b59a02b8f0b.jpg&w=3840&q=60, https://www.sunmotors.co.uk/_next/image?url=https%3A%2F%2Fprod-sun-vehicle-images.s3.eu-west-2.amazonaws.com%2Fvehicles%2FCU68YRT%2Fba31bf78c53d501629bc598cf0779c7f.jpg&w=3840&q=60, https://www.sunmotors.co.uk/_next/image?url=https%3A%2F%2Fprod-sun-vehicle-images.s3.eu-west-2.amazonaws.com%2Fvehicles%2FCU68YRT%2F663beac2711ac7f3b012ddac8a88dde7.jpg&w=3840&q=60, https://www.sunmotors.co.uk/_next/image?url=https%3A%2F%2Fprod-sun-vehicle-images.s3.eu-west-2.amazonaws.com%2Fvehicles%2FCU68YRT%2Fae589386c2414619c6f016782c5079fb.jpg&w=3840&q=60, https://www.sunmotors.co.uk/_next/image?url=https%3A%2F%2Fprod-sun-vehicle-images.s3.eu-west-2.amazonaws.com%2Fvehicles%2FCU68YRT%2F3e7555a464a07572efab2de331543282.jpg&w=3840&q=60, https://www.sunmotors.co.uk/_next/image?url=https%3A%2F%2Fprod-sun-vehicle-images.s3.eu-west-2.amazonaws.com%2Fvehicles%2FCU68YRT%2Fe2fc63e93ca1baf8f484b8bba6cc3ed1.jpg&w=3840&q=60, https://www.sunmotors.co.uk/_next/image?url=https%3A%2F%2Fprod-sun-vehicle-images.s3.eu-west-2.amazonaws.com%2Fvehicles%2FCU68YRT%2Ffacb7a649eedb99c1a1cf6d158d6acb2.jpg&w=3840&q=60, https://www.sunmotors.co.uk/_next/image?url=https%3A%2F%2Fprod-sun-vehicle-images.s3.eu-west-2.amazonaws.com%2Fvehicles%2FCU68YRT%2F78cf502b56bf430cacaf590deea92fb2.jpg&w=3840&q=60, https://www.sunmotors.co.uk/_next/image?url=https%3A%2F%2Fprod-sun-vehicle-images.s3.eu-west-2.amazonaws.com%2Fvehicles%2FCU68YRT%2Fe564ac75036fc17e181f6eadf3db988a.jpg&w=3840&q=60, https://www.sunmotors.co.uk/_next/image?url=https%3A%2F%2Fprod-sun-vehicle-images.s3.eu-west-2.amazonaws.com%2Fvehicles%2FCU68YRT%2Ffecf0467989de7962616fae2e4855810.jpg&w=3840&q=60, https://www.sunmotors.co.uk/_next/image?url=https%3A%2F%2Fprod-sun-vehicle-images.s3.eu-west-2.amazonaws.com%2Fvehicles%2FCU68YRT%2F025f4aff2ac7f366f9a409532233bf20.jpg&w=3840&q=60, https://www.sunmotors.co.uk/_next/image?url=https%3A%2F%2Fprod-sun-vehicle-images.s3.eu-west-2.amazonaws.com%2Fvehicles%2FCU68YRT%2Ff4e0f58e8b721a41cb0c0756d297cb07.jpg&w=3840&q=60, https://www.sunmotors.co.uk/_next/image?url=https%3A%2F%2Fprod-sun-vehicle-images.s3.eu-west-2.amazonaws.com%2Fvehicles%2FCU68YRT%2F18c76506efc0e4f745ef341ea479e9bc.jpg&w=3840&q=60, https://www.sunmotors.co.uk/_next/image?url=https%3A%2F%2Fprod-sun-vehicle-images.s3.eu-west-2.amazonaws.com%2Fvehicles%2FCU68YRT%2F25a775d23467d3d190f9d698a6b64786.jpg&w=3840&q=60, https://www.sunmotors.co.uk/_next/image?url=https%3A%2F%2Fprod-sun-vehicle-images.s3.eu-west-2.amazonaws.com%2Fvehicles%2FCU68YRT%2F4879bd9f95fe710bf0172e51f2083fd0.jpg&w=3840&q=60, https://www.sunmotors.co.uk/_next/image?url=https%3A%2F%2Fprod-sun-vehicle-images.s3.eu-west-2.amazonaws.com%2Fvehicles%2FCU68YRT%2F9857b6658f5c3e8e6d52402c0a499de4.jpg&w=3840&q=60"
"2017 Ford Ka+ Zetec £7,895","£7,895",WN17XSP,"1.2L
Hatchback
Manual
Petrol
24,340 Miles
2017","https://www.sunmotors.co.uk/_next/image?url=https%3A%2F%2Fprod-sun-vehicle-images.s3.eu-west-2.amazonaws.com%2Fvehicles%2FWN17XSP%2Fc839f933058f1b645fcffe90352c61ed.jpg&w=3840&q=60, https://www.sunmotors.co.uk/_next/image?url=https%3A%2F%2Fprod-sun-vehicle-images.s3.eu-west-2.amazonaws.com%2Fvehicles%2FWN17XSP%2Fe9bd50bb9b88dfafbf9da6c2b2236ead.jpg&w=3840&q=60, https://www.sunmotors.co.uk/_next/image?url=https%3A%2F%2Fprod-sun-vehicle-images.s3.eu-west-2.amazonaws.com%2Fvehicles%2FWN17XSP%2F76eb59de2912bd2dc9714a261dc0fcc6.jpg&w=3840&q=60, https://www.sunmotors.co.uk/_next/image?url=https%3A%2F%2Fprod-sun-vehicle-images.s3.eu-west-2.amazonaws.com%2Fvehicles%2FWN17XSP%2F951db798390c33d6b157d4f3f85d5ad6.jpg&w=3840&q=60, https://www.sunmotors.co.uk/_next/image?url=https%3A%2F%2Fprod-sun-vehicle-images.s3.eu-west-2.amazonaws.com%2Fvehicles%2FWN17XSP%2Ff37064c856979193cc121728d2368646.jpg&w=3840&q=60, https://www.sunmotors.co.uk/_next/image?url=https%3A%2F%2Fprod-sun-vehicle-images.s3.eu-west-2.amazonaws.com%2Fvehicles%2FWN17XSP%2F05dcd71f09fab94264ead08546e08d83.jpg&w=3840&q=60, https://www.sunmotors.co.uk/_next/image?url=https%3A%2F%2Fprod-sun-vehicle-images.s3.eu-west-2.amazonaws.com%2Fvehicles%2FWN17XSP%2Fb508380eaa0aaf1f829dc6665dc5930f.jpg&w=3840&q=60, https://www.sunmotors.co.uk/_next/image?url=https%3A%2F%2Fprod-sun-vehicle-images.s3.eu-west-2.amazonaws.com%2Fvehicles%2FWN17XSP%2F9680a60a50bc2093301eca55a2e666f0.jpg&w=3840&q=60, https://www.sunmotors.co.uk/_next/image?url=https%3A%2F%2Fprod-sun-vehicle-images.s3.eu-west-2.amazonaws.com%2Fvehicles%2FWN17XSP%2Ffe559e5a077867b7c60553ec70f084cc.jpg&w=3840&q=60, https://www.sunmotors.co.uk/_next/image?url=https%3A%2F%2Fprod-sun-vehicle-images.s3.eu-west-2.amazonaws.com%2Fvehicles%2FWN17XSP%2F633fb00a1822ed91b8ee7099ad0c8233.jpg&w=3840&q=60, https://www.sunmotors.co.uk/_next/image?url=https%3A%2F%2Fprod-sun-vehicle-images.s3.eu-west-2.amazonaws.com%2Fvehicles%2FWN17XSP%2F102245043431e41261832e2779f6fe16.jpg&w=3840&q=60, https://www.sunmotors.co.uk/_next/image?url=https%3A%2F%2Fprod-sun-vehicle-images.s3.eu-west-2.amazonaws.com%2Fvehicles%2FWN17XSP%2Fd94ed6f7d316ba0555f9a319ad284b44.jpg&w=3840&q=60, https://www.sunmotors.co.uk/_next/image?url=https%3A%2F%2Fprod-sun-vehicle-images.s3.eu-west-2.amazonaws.com%2Fvehicles%2FWN17XSP%2F6e3b63d93b70cbaf19b4e0c02d111b66.jpg&w=3840&q=60, https://www.sunmotors.co.uk/_next/image?url=https%3A%2F%2Fprod-sun-vehicle-images.s3.eu-west-2.amazonaws.com%2Fvehicles%2FWN17XSP%2Fe9967f582e74fd741a641dcef3932756.jpg&w=3840&q=60, https://www.sunmotors.co.uk/_next/image?url=https%3A%2F%2Fprod-sun-vehicle-images.s3.eu-west-2.amazonaws.com%2Fvehicles%2FWN17XSP%2F526f08e32009cd6c114b07dec4ba0942.jpg&w=3840&q=60, https://www.sunmotors.co.uk/_next/image?url=https%3A%2F%2Fprod-sun-vehicle-images.s3.eu-west-2.amazonaws.com%2Fvehicles%2FWN17XSP%2F431f2ecbfc9d4e571b0983694adf4493.jpg&w=3840&q=60, https://www.sunmotors.co.uk/_next/image?url=https%3A%2F%2Fprod-sun-vehicle-images.s3.eu-west-2.amazonaws.com%2Fvehicles%2FWN17XSP%2Fab3d3166988de65dad7648f92a3f9020.jpg&w=3840&q=60, https://www.sunmotors.co.uk/_next/image?url=https%3A%2F%2Fprod-sun-vehicle-images.s3.eu-west-2.amazonaws.com%2Fvehicles%2FWN17XSP%2F5bbc227435cb02c1f98469a8ff2f8356.jpg&w=3840&q=60, https://www.sunmotors.co.uk/_next/image?url=https%3A%2F%2Fprod-sun-vehicle-images.s3.eu-west-2.amazonaws.com%2Fvehicles%2FWN17XSP%2F034db0e4ae847f4d12ae6908385f1167.jpg&w=3840&q=60, https://www.sunmotors.co.uk/_next/image?url=https%3A%2F%2Fprod-sun-vehicle-images.s3.eu-west-2.amazonaws.com%2Fvehicles%2FWN17XSP%2Fb76f4b9b76af0e63e345470e6e1fcd16.jpg&w=3840&q=60, https://www.sunmotors.co.uk/_next/image?url=https%3A%2F%2Fprod-sun-vehicle-images.s3.eu-west-2.amazonaws.com%2Fvehicles%2FWN17XSP%2F760c814e497f604110939d716cd5fd88.jpg&w=3840&q=60, https://www.sunmotors.co.uk/_next/image?url=https%3A%2F%2Fprod-sun-vehicle-images.s3.eu-west-2.amazonaws.com%2Fvehicles%2FWN17XSP%2F0b7cafde4ac413099696a66de16534f9.jpg&w=3840&q=60, https://www.sunmotors.co.uk/_next/image?url=https%3A%2F%2Fprod-sun-vehicle-images.s3.eu-west-2.amazonaws.com%2Fvehicles%2FWN17XSP%2F16b090811956dd791242bc01f68525cb.jpg&w=3840&q=60, https://www.sunmotors.co.uk/_next/image?url=https%3A%2F%2Fprod-sun-vehicle-images.s3.eu-west-2.amazonaws.com%2Fvehicles%2FWN17XSP%2F352d2f321c526adef67b9b9fb6a6a2c7.jpg&w=3840&q=60, https://www.sunmotors.co.uk/_next/image?url=https%3A%2F%2Fprod-sun-vehicle-images.s3.eu-west-2.amazonaws.com%2Fvehicles%2FWN17XSP%2F72b732cc123fd04a943e93be41df5c86.jpg&w=3840&q=60, https://www.sunmotors.co.uk/_next/image?url=https%3A%2F%2Fprod-sun-vehicle-images.s3.eu-west-2.amazonaws.com%2Fvehicles%2FWN17XSP%2F2c2d917f15f2ec21efcbb0670f60b47f.jpg&w=3840&q=60, https://www.sunmotors.co.uk/_next/image?url=https%3A%2F%2Fprod-sun-vehicle-images.s3.eu-west-2.amazonaws.com%2Fvehicles%2FWN17XSP%2F09284a392a58e03114615694a6cfa2c8.jpg&w=3840&q=60, https://www.sunmotors.co.uk/_next/image?url=https%3A%2F%2Fprod-sun-vehicle-images.s3.eu-west-2.amazonaws.com%2Fvehicles%2FWN17XSP%2Fffa470a2e3af0c48057de8d15c7f8c23.jpg&w=3840&q=60, https://www.sunmotors.co.uk/_next/image?url=https%3A%2F%2Fprod-sun-vehicle-images.s3.eu-west-2.amazonaws.com%2Fvehicles%2FWN17XSP%2Fbe05e6b6494fc2968e4c8843ebbe99e4.jpg&w=3840&q=60, https://www.sunmotors.co.uk/_next/image?url=https%3A%2F%2Fprod-sun-vehicle-images.s3.eu-west-2.amazonaws.com%2Fvehicles%2FWN17XSP%2F3dc68504da9006767e35a516d28010ee.jpg&w=3840&q=60, https://www.sunmotors.co.uk/_next/image?url=https%3A%2F%2Fprod-sun-vehicle-images.s3.eu-west-2.amazonaws.com%2Fvehicles%2FWN17XSP%2Fad51630cb3a8b89c157880cd4848fd75.jpg&w=3840&q=60, https://www.sunmotors.co.uk/_next/image?url=https%3A%2F%2Fprod-sun-vehicle-images.s3.eu-west-2.amazonaws.com%2Fvehicles%2FWN17XSP%2F42fdd328b2054f7b26f22206f488d606.jpg&w=3840&q=60, https://www.sunmotors.co.uk/_next/image?url=https%3A%2F%2Fprod-sun-vehicle-images.s3.eu-west-2.amazonaws.com%2Fvehicles%2FWN17XSP%2Fec569a30f95a50c10e32524ac5a0ee34.jpg&w=3840&q=60, https://www.sunmotors.co.uk/_next/image?url=https%3A%2F%2Fprod-sun-vehicle-images.s3.eu-west-2.amazonaws.com%2Fvehicles%2FWN17XSP%2F8910fd6ff69dd0361dd9de2fd848f722.jpg&w=3840&q=60, https://www.sunmotors.co.uk/_next/image?url=https%3A%2F%2Fprod-sun-vehicle-images.s3.eu-west-2.amazonaws.com%2Fvehicles%2FWN17XSP%2F89388ae780834325e2dda5550fc7bded.jpg&w=3840&q=60, https://www.sunmotors.co.uk/_next/image?url=https%3A%2F%2Fprod-sun-vehicle-images.s3.eu-west-2.amazonaws.com%2Fvehicles%2FWN17XSP%2F25948031f596f1c429f2cebb57c4b52b.jpg&w=3840&q=60, https://www.sunmotors.co.uk/_next/image?url=https%3A%2F%2Fprod-sun-vehicle-images.s3.eu-west-2.amazonaws.com%2Fvehicles%2FWN17XSP%2F1949c27d98642d1f2aa5d6c729a9166a.jpg&w=3840&q=60, https://www.sunmotors.co.uk/_next/image?url=https%3A%2F%2Fprod-sun-vehicle-images.s3.eu-west-2.amazonaws.com%2Fvehicles%2FWN17XSP%2Fcc87249e13da718780ebf71b2e1715ee.jpg&w=3840&q=60, https://www.sunmotors.co.uk/_next/image?url=https%3A%2F%2Fprod-sun-vehicle-images.s3.eu-west-2.amazonaws.com%2Fvehicles%2FWN17XSP%2Fbb1e6a3ced28159706b0befdcba7ec53.jpg&w=3840&q=60, https://www.sunmotors.co.uk/_next/image?url=https%3A%2F%2Fprod-sun-vehicle-images.s3.eu-west-2.amazonaws.com%2Fvehicles%2FWN17XSP%2Fcb1ad9b37446b1a74ef2ee1cc2cebbbd.jpg&w=3840&q=60, https://www.sunmotors.co.uk/_next/image?url=https%3A%2F%2Fprod-sun-vehicle-images.s3.eu-west-2.amazonaws.com%2Fvehicles%2FWN17XSP%2F2b88ec29b8940fb85d28b8a1caf900ed.jpg&w=3840&q=60, https://www.sunmotors.co.uk/_next/image?url=https%3A%2F%2Fprod-sun-vehicle-images.s3.eu-west-2.amazonaws.com%2Fvehicles%2FWN17XSP%2Fd0ec5baafff8ee5e3c93935d31c57b60.jpg&w=3840&q=60, https://www.sunmotors.co.uk/_next/image?url=https%3A%2F%2Fprod-sun-vehicle-images.s3.eu-west-2.amazonaws.com%2Fvehicles%2FWN17XSP%2Ff6f4c81195ffff66ef16f2d2d0ea6a45.jpg&w=3840&q=60, https://www.sunmotors.co.uk/_next/image?url=https%3A%2F%2Fprod-sun-vehicle-images.s3.eu-west-2.amazonaws.com%2Fvehicles%2FWN17XSP%2Fe383fc09718ee907f0e37c317816b5f8.jpg&w=3840&q=60, https://www.sunmotors.co.uk/_next/image?url=https%3A%2F%2Fprod-sun-vehicle-images.s3.eu-west-2.amazonaws.com%2Fvehicles%2FWN17XSP%2Fbd9f7530cf865932798c37024bd28f0a.jpg&w=3840&q=60, https://www.sunmotors.co.uk/_next/image?url=https%3A%2F%2Fprod-sun-vehicle-images.s3.eu-west-2.amazonaws.com%2Fvehicles%2FWN17XSP%2F39f0133083b9781f48295c0aaea5989c.jpg&w=3840&q=60, https://www.sunmotors.co.uk/_next/image?url=https%3A%2F%2Fprod-sun-vehicle-images.s3.eu-west-2.amazonaws.com%2Fvehicles%2FWN17XSP%2F100228e9ec28e3fa67211fdf168a4ec3.jpg&w=3840&q=60, https://www.sunmotors.co.uk/_next/image?url=https%3A%2F%2Fprod-sun-vehicle-images.s3.eu-west-2.amazonaws.com%2Fvehicles%2FWN17XSP%2F23ab9c5f9a22eeacb6914b066f7ee7b1.jpg&w=3840&q=60, https://www.sunmotors.co.uk/_next/image?url=https%3A%2F%2Fprod-sun-vehicle-images.s3.eu-west-2.amazonaws.com%2Fvehicles%2FWN17XSP%2F09950bb92538ee3d2f359695e2138954.jpg&w=3840&q=60"
"2015 Peugeot 3008 Blue HDI S/S Allure £6,995","£6,995",PL15VBY,"1.6L
Suv Estate
Manual
Diesel
47,622 Miles
2015","https://www.sunmotors.co.uk/_next/image?url=https%3A%2F%2Fprod-sun-vehicle-images.s3.eu-west-2.amazonaws.com%2Fvehicles%2FPL15VBY%2F541599bf22038bb8a4926fcd20c978af.jpg&w=3840&q=60, https://www.sunmotors.co.uk/_next/image?url=https%3A%2F%2Fprod-sun-vehicle-images.s3.eu-west-2.amazonaws.com%2Fvehicles%2FPL15VBY%2F9f2d9a4eaee48779824a7ce9af948ca3.jpg&w=3840&q=60, https://www.sunmotors.co.uk/_next/image?url=https%3A%2F%2Fprod-sun-vehicle-images.s3.eu-west-2.amazonaws.com%2Fvehicles%2FPL15VBY%2F6696ceb052d4503231f36f4d9a06de4a.jpg&w=3840&q=60, https://www.sunmotors.co.uk/_next/image?url=https%3A%2F%2Fprod-sun-vehicle-images.s3.eu-west-2.amazonaws.com%2Fvehicles%2FPL15VBY%2F23bda5f9ccdb8d7ef944688ba9397e68.jpg&w=3840&q=60, https://www.sunmotors.co.uk/_next/image?url=https%3A%2F%2Fprod-sun-vehicle-images.s3.eu-west-2.amazonaws.com%2Fvehicles%2FPL15VBY%2Fa4a970ab086b6071d0205e855c3d810f.jpg&w=3840&q=60, https://www.sunmotors.co.uk/_next/image?url=https%3A%2F%2Fprod-sun-vehicle-images.s3.eu-west-2.amazonaws.com%2Fvehicles%2FPL15VBY%2F149a2daaa546d42658d96f61f76e60d1.jpg&w=3840&q=60, https://www.sunmotors.co.uk/_next/image?url=https%3A%2F%2Fprod-sun-vehicle-images.s3.eu-west-2.amazonaws.com%2Fvehicles%2FPL15VBY%2Fd76ddb8005b9204fbef6933bc549ec0e.jpg&w=3840&q=60, https://www.sunmotors.co.uk/_next/image?url=https%3A%2F%2Fprod-sun-vehicle-images.s3.eu-west-2.amazonaws.com%2Fvehicles%2FPL15VBY%2Ff24d1c78cca94e23197372442c0960bf.jpg&w=3840&q=60, https://www.sunmotors.co.uk/_next/image?url=https%3A%2F%2Fprod-sun-vehicle-images.s3.eu-west-2.amazonaws.com%2Fvehicles%2FPL15VBY%2Fa57229937953479e14294f8584624117.jpg&w=3840&q=60, https://www.sunmotors.co.uk/_next/image?url=https%3A%2F%2Fprod-sun-vehicle-images.s3.eu-west-2.amazonaws.com%2Fvehicles%2FPL15VBY%2Fb164dc6e52b4f8843ea1c306fec4ce76.jpg&w=3840&q=60, https://www.sunmotors.co.uk/_next/image?url=https%3A%2F%2Fprod-sun-vehicle-images.s3.eu-west-2.amazonaws.com%2Fvehicles%2FPL15VBY%2Fa215d86f75a57aa117f7f23039687587.jpg&w=3840&q=60, https://www.sunmotors.co.uk/_next/image?url=https%3A%2F%2Fprod-sun-vehicle-images.s3.eu-west-2.amazonaws.com%2Fvehicles%2FPL15VBY%2F452afec3dac03a6ac287d14fd7fe4de4.jpg&w=3840&q=60, https://www.sunmotors.co.uk/_next/image?url=https%3A%2F%2Fprod-sun-vehicle-images.s3.eu-west-2.amazonaws.com%2Fvehicles%2FPL15VBY%2F5ec0e29718897c80fae707a5f1b74f3a.jpg&w=3840&q=60, https://www.sunmotors.co.uk/_next/image?url=https%3A%2F%2Fprod-sun-vehicle-images.s3.eu-west-2.amazonaws.com%2Fvehicles%2FPL15VBY%2F6b40cb204afdba73a92a66e40b510fd7.jpg&w=3840&q=60, https://www.sunmotors.co.uk/_next/image?url=https%3A%2F%2Fprod-sun-vehicle-images.s3.eu-west-2.amazonaws.com%2Fvehicles%2FPL15VBY%2Fedd63bb1ae73ad3a02707a9ea56874d3.jpg&w=3840&q=60, https://www.sunmotors.co.uk/_next/image?url=https%3A%2F%2Fprod-sun-vehicle-images.s3.eu-west-2.amazonaws.com%2Fvehicles%2FPL15VBY%2Fd108e505937f7543d845576ee7f1a2ff.jpg&w=3840&q=60, https://www.sunmotors.co.uk/_next/image?url=https%3A%2F%2Fprod-sun-vehicle-images.s3.eu-west-2.amazonaws.com%2Fvehicles%2FPL15VBY%2F56480d3e049d195d3a486586a6c02515.jpg&w=3840&q=60, https://www.sunmotors.co.uk/_next/image?url=https%3A%2F%2Fprod-sun-vehicle-images.s3.eu-west-2.amazonaws.com%2Fvehicles%2FPL15VBY%2Fc4034ac549d49cbc1bb87820d56ea9de.jpg&w=3840&q=60, https://www.sunmotors.co.uk/_next/image?url=https%3A%2F%2Fprod-sun-vehicle-images.s3.eu-west-2.amazonaws.com%2Fvehicles%2FPL15VBY%2F5d313f47f9129797321c238ea11c709e.jpg&w=3840&q=60, https://www.sunmotors.co.uk/_next/image?url=https%3A%2F%2Fprod-sun-vehicle-images.s3.eu-west-2.amazonaws.com%2Fvehicles%2FPL15VBY%2Fc76ff9fa8a817db1759308ed63d73d56.jpg&w=3840&q=60, https://www.sunmotors.co.uk/_next/image?url=https%3A%2F%2Fprod-sun-vehicle-images.s3.eu-west-2.amazonaws.com%2Fvehicles%2FPL15VBY%2Ff522fab2e389842e88c9711573f99762.jpg&w=3840&q=60, https://www.sunmotors.co.uk/_next/image?url=https%3A%2F%2Fprod-sun-vehicle-images.s3.eu-west-2.amazonaws.com%2Fvehicles%2FPL15VBY%2F9d5b64561735e4969e0a24211a822113.jpg&w=3840&q=60, https://www.sunmotors.co.uk/_next/image?url=https%3A%2F%2Fprod-sun-vehicle-images.s3.eu-west-2.amazonaws.com%2Fvehicles%2FPL15VBY%2Fc8e9ef5efdc7ce2f38030cb8f7f3dc39.jpg&w=3840&q=60, https://www.sunmotors.co.uk/_next/image?url=https%3A%2F%2Fprod-sun-vehicle-images.s3.eu-west-2.amazonaws.com%2Fvehicles%2FPL15VBY%2Ffe31609103b78c9b5d6028546afbf40d.jpg&w=3840&q=60, https://www.sunmotors.co.uk/_next/image?url=https%3A%2F%2Fprod-sun-vehicle-images.s3.eu-west-2.amazonaws.com%2Fvehicles%2FPL15VBY%2F924d6cda9490630fe3b32d54b53799c3.jpg&w=3840&q=60, https://www.sunmotors.co.uk/_next/image?url=https%3A%2F%2Fprod-sun-vehicle-images.s3.eu-west-2.amazonaws.com%2Fvehicles%2FPL15VBY%2F60f91e47f2b604466104c323de02e621.jpg&w=3840&q=60, https://www.sunmotors.co.uk/_next/image?url=https%3A%2F%2Fprod-sun-vehicle-images.s3.eu-west-2.amazonaws.com%2Fvehicles%2FPL15VBY%2F24c6682ba0814d6adb0b6874817a109a.jpg&w=3840&q=60, https://www.sunmotors.co.uk/_next/image?url=https%3A%2F%2Fprod-sun-vehicle-images.s3.eu-west-2.amazonaws.com%2Fvehicles%2FPL15VBY%2F9c6dd53964e8240473c93a78398f9367.jpg&w=3840&q=60, https://www.sunmotors.co.uk/_next/image?url=https%3A%2F%2Fprod-sun-vehicle-images.s3.eu-west-2.amazonaws.com%2Fvehicles%2FPL15VBY%2F48dc3fa674d998fb839af727291a1ac2.jpg&w=3840&q=60, https://www.sunmotors.co.uk/_next/image?url=https%3A%2F%2Fprod-sun-vehicle-images.s3.eu-west-2.amazonaws.com%2Fvehicles%2FPL15VBY%2Fb03c6b7efade1f9c2d3de6408f26b4a1.jpg&w=3840&q=60, https://www.sunmotors.co.uk/_next/image?url=https%3A%2F%2Fprod-sun-vehicle-images.s3.eu-west-2.amazonaws.com%2Fvehicles%2FPL15VBY%2Fdbe39a0bd3f6ccf920bc719f73f71541.jpg&w=3840&q=60, https://www.sunmotors.co.uk/_next/image?url=https%3A%2F%2Fprod-sun-vehicle-images.s3.eu-west-2.amazonaws.com%2Fvehicles%2FPL15VBY%2Fc1d79963964b9f5cb533dc82c2a0ad44.jpg&w=3840&q=60, https://www.sunmotors.co.uk/_next/image?url=https%3A%2F%2Fprod-sun-vehicle-images.s3.eu-west-2.amazonaws.com%2Fvehicles%2FPL15VBY%2F3d5c12ff1cb42187942b0276b42a4aae.jpg&w=3840&q=60, https://www.sunmotors.co.uk/_next/image?url=https%3A%2F%2Fprod-sun-vehicle-images.s3.eu-west-2.amazonaws.com%2Fvehicles%2FPL15VBY%2F027d80893d2c70cb7459fb43d43fccf6.jpg&w=3840&q=60, https://www.sunmotors.co.uk/_next/image?url=https%3A%2F%2Fprod-sun-vehicle-images.s3.eu-west-2.amazonaws.com%2Fvehicles%2FPL15VBY%2Fd45577ee30bd5017fb62fbb424f054be.jpg&w=3840&q=60, https://www.sunmotors.co.uk/_next/image?url=https%3A%2F%2Fprod-sun-vehicle-images.s3.eu-west-2.amazonaws.com%2Fvehicles%2FPL15VBY%2Febb801f2653e65615bb5ebce9d7a4b2a.jpg&w=3840&q=60, https://www.sunmotors.co.uk/_next/image?url=https%3A%2F%2Fprod-sun-vehicle-images.s3.eu-west-2.amazonaws.com%2Fvehicles%2FPL15VBY%2F763e03e74f58decab2d30aae48e898b4.jpg&w=3840&q=60, https://www.sunmotors.co.uk/_next/image?url=https%3A%2F%2Fprod-sun-vehicle-images.s3.eu-west-2.amazonaws.com%2Fvehicles%2FPL15VBY%2Ffbf97a3bd9aa8bce10fbea65f69d5ac0.jpg&w=3840&q=60, https://www.sunmotors.co.uk/_next/image?url=https%3A%2F%2Fprod-sun-vehicle-images.s3.eu-west-2.amazonaws.com%2Fvehicles%2FPL15VBY%2F46b9d3246620c120045333ce65f995e7.jpg&w=3840&q=60, https://www.sunmotors.co.uk/_next/image?url=https%3A%2F%2Fprod-sun-vehicle-images.s3.eu-west-2.amazonaws.com%2Fvehicles%2FPL15VBY%2F6aba7046748c0d5084694dd665efd2e5.jpg&w=3840&q=60, https://www.sunmotors.co.uk/_next/image?url=https%3A%2F%2Fprod-sun-vehicle-images.s3.eu-west-2.amazonaws.com%2Fvehicles%2FPL15VBY%2F89a88e1337eea118b784fc266b714417.jpg&w=3840&q=60, https://www.sunmotors.co.uk/_next/image?url=https%3A%2F%2Fprod-sun-vehicle-images.s3.eu-west-2.amazonaws.com%2Fvehicles%2FPL15VBY%2Fb3d5e62cf07655466e886ae9f8c872ef.jpg&w=3840&q=60, https://www.sunmotors.co.uk/_next/image?url=https%3A%2F%2Fprod-sun-vehicle-images.s3.eu-west-2.amazonaws.com%2Fvehicles%2FPL15VBY%2F686567dbc573315d79424e835d1b473c.jpg&w=3840&q=60, https://www.sunmotors.co.uk/_next/image?url=https%3A%2F%2Fprod-sun-vehicle-images.s3.eu-west-2.amazonaws.com%2Fvehicles%2FPL15VBY%2Faa3977ac2e569b32435eda04c9fe1c2c.jpg&w=3840&q=60, https://www.sunmotors.co.uk/_next/image?url=https%3A%2F%2Fprod-sun-vehicle-images.s3.eu-west-2.amazonaws.com%2Fvehicles%2FPL15VBY%2F2f4b92ea61847dea16fec0304919a748.jpg&w=3840&q=60, https://www.sunmotors.co.uk/_next/image?url=https%3A%2F%2Fprod-sun-vehicle-images.s3.eu-west-2.amazonaws.com%2Fvehicles%2FPL15VBY%2Ff39da0334738dd0d8e4c45971e7834ec.jpg&w=3840&q=60, https://www.sunmotors.co.uk/_next/image?url=https%3A%2F%2Fprod-sun-vehicle-images.s3.eu-west-2.amazonaws.com%2Fvehicles%2FPL15VBY%2Fc6d1c750a33863400678ac429ec4382c.jpg&w=3840&q=60, https://www.sunmotors.co.uk/_next/image?url=https%3A%2F%2Fprod-sun-vehicle-images.s3.eu-west-2.amazonaws.com%2Fvehicles%2FPL15VBY%2Ff94f40258081511343a18b475c0eaf75.jpg&w=3840&q=60, https://www.sunmotors.co.uk/_next/image?url=https%3A%2F%2Fprod-sun-vehicle-images.s3.eu-west-2.amazonaws.com%2Fvehicles%2FPL15VBY%2F30e0d11fb84dafe7af529fc395cb70db.jpg&w=3840&q=60"
"2014 Citroen Berlingo Xtr £7,995","£7,995",NK64DNO,"1.6L
Van Derived Car
Manual
Diesel
40,067 Miles
2014","https://www.sunmotors.co.uk/_next/image?url=https%3A%2F%2Fprod-sun-vehicle-images.s3.eu-west-2.amazonaws.com%2Fvehicles%2FNK64DNO%2Fe5840626959cf70845d6f52bf63a81ff.jpg&w=3840&q=60, https://www.sunmotors.co.uk/_next/image?url=https%3A%2F%2Fprod-sun-vehicle-images.s3.eu-west-2.amazonaws.com%2Fvehicles%2FNK64DNO%2Fde5998e888edcdcfc0d64ae8298adb8e.jpg&w=3840&q=60, https://www.sunmotors.co.uk/_next/image?url=https%3A%2F%2Fprod-sun-vehicle-images.s3.eu-west-2.amazonaws.com%2Fvehicles%2FNK64DNO%2F77665adf84f07ab32421f6b659c44d3b.jpg&w=3840&q=60, https://www.sunmotors.co.uk/_next/image?url=https%3A%2F%2Fprod-sun-vehicle-images.s3.eu-west-2.amazonaws.com%2Fvehicles%2FNK64DNO%2F0c9e63e86a88aad6d71f191afba11d40.jpg&w=3840&q=60, https://www.sunmotors.co.uk/_next/image?url=https%3A%2F%2Fprod-sun-vehicle-images.s3.eu-west-2.amazonaws.com%2Fvehicles%2FNK64DNO%2F79c6f52a97d02ef2545850db011a2656.jpg&w=3840&q=60, https://www.sunmotors.co.uk/_next/image?url=https%3A%2F%2Fprod-sun-vehicle-images.s3.eu-west-2.amazonaws.com%2Fvehicles%2FNK64DNO%2F6dd44ea3aca8d2bc67da772c902b156d.jpg&w=3840&q=60, https://www.sunmotors.co.uk/_next/image?url=https%3A%2F%2Fprod-sun-vehicle-images.s3.eu-west-2.amazonaws.com%2Fvehicles%2FNK64DNO%2Fd06bed7862369fe89eae3d98de67b8e8.jpg&w=3840&q=60, https://www.sunmotors.co.uk/_next/image?url=https%3A%2F%2Fprod-sun-vehicle-images.s3.eu-west-2.amazonaws.com%2Fvehicles%2FNK64DNO%2F646d877f5a8530b304b0b4a632fe0bc4.jpg&w=3840&q=60, https://www.sunmotors.co.uk/_next/image?url=https%3A%2F%2Fprod-sun-vehicle-images.s3.eu-west-2.amazonaws.com%2Fvehicles%2FNK64DNO%2F77f258cb81d8eefe7fb6996b91269e2a.jpg&w=3840&q=60, https://www.sunmotors.co.uk/_next/image?url=https%3A%2F%2Fprod-sun-vehicle-images.s3.eu-west-2.amazonaws.com%2Fvehicles%2FNK64DNO%2F4c5407c518d397a92f2bb81bd38a16f8.jpg&w=3840&q=60, https://www.sunmotors.co.uk/_next/image?url=https%3A%2F%2Fprod-sun-vehicle-images.s3.eu-west-2.amazonaws.com%2Fvehicles%2FNK64DNO%2F39c271c277fb39502facb03ce4505a14.jpg&w=3840&q=60, https://www.sunmotors.co.uk/_next/image?url=https%3A%2F%2Fprod-sun-vehicle-images.s3.eu-west-2.amazonaws.com%2Fvehicles%2FNK64DNO%2Fc14f99d78f82f05fa983b393d3fa7cad.jpg&w=3840&q=60, https://www.sunmotors.co.uk/_next/image?url=https%3A%2F%2Fprod-sun-vehicle-images.s3.eu-west-2.amazonaws.com%2Fvehicles%2FNK64DNO%2F268b6ade445ffd49f8ddab3353ec8118.jpg&w=3840&q=60, https://www.sunmotors.co.uk/_next/image?url=https%3A%2F%2Fprod-sun-vehicle-images.s3.eu-west-2.amazonaws.com%2Fvehicles%2FNK64DNO%2Fd07635987957c1f8a8764c60e531bec1.jpg&w=3840&q=60, https://www.sunmotors.co.uk/_next/image?url=https%3A%2F%2Fprod-sun-vehicle-images.s3.eu-west-2.amazonaws.com%2Fvehicles%2FNK64DNO%2Ff96bbac36decd3924b8aa33caa5e849f.jpg&w=3840&q=60, https://www.sunmotors.co.uk/_next/image?url=https%3A%2F%2Fprod-sun-vehicle-images.s3.eu-west-2.amazonaws.com%2Fvehicles%2FNK64DNO%2F703ef8222b765b2ff42235a8fdc0faa5.jpg&w=3840&q=60, https://www.sunmotors.co.uk/_next/image?url=https%3A%2F%2Fprod-sun-vehicle-images.s3.eu-west-2.amazonaws.com%2Fvehicles%2FNK64DNO%2F4c691440c1d5c2a5458192f6c1fde4c0.jpg&w=3840&q=60, https://www.sunmotors.co.uk/_next/image?url=https%3A%2F%2Fprod-sun-vehicle-images.s3.eu-west-2.amazonaws.com%2Fvehicles%2FNK64DNO%2Faeb9f2f74ec8349634789fb0bcc27894.jpg&w=3840&q=60, https://www.sunmotors.co.uk/_next/image?url=https%3A%2F%2Fprod-sun-vehicle-images.s3.eu-west-2.amazonaws.com%2Fvehicles%2FNK64DNO%2F82b82cd010a7293f0a6cb4fba7d3fe79.jpg&w=3840&q=60, https://www.sunmotors.co.uk/_next/image?url=https%3A%2F%2Fprod-sun-vehicle-images.s3.eu-west-2.amazonaws.com%2Fvehicles%2FNK64DNO%2F839266bab9c81a7956c9756e333ee713.jpg&w=3840&q=60, https://www.sunmotors.co.uk/_next/image?url=https%3A%2F%2Fprod-sun-vehicle-images.s3.eu-west-2.amazonaws.com%2Fvehicles%2FNK64DNO%2F26c897d9b2c8de36f443094927a5fef9.jpg&w=3840&q=60, https://www.sunmotors.co.uk/_next/image?url=https%3A%2F%2Fprod-sun-vehicle-images.s3.eu-west-2.amazonaws.com%2Fvehicles%2FNK64DNO%2Fb97d78462661e7e7eb204f4ed3ee0b7d.jpg&w=3840&q=60, https://www.sunmotors.co.uk/_next/image?url=https%3A%2F%2Fprod-sun-vehicle-images.s3.eu-west-2.amazonaws.com%2Fvehicles%2FNK64DNO%2F7436ebef9b0b77e5e4e672e903943ff6.jpg&w=3840&q=60, https://www.sunmotors.co.uk/_next/image?url=https%3A%2F%2Fprod-sun-vehicle-images.s3.eu-west-2.amazonaws.com%2Fvehicles%2FNK64DNO%2F83799b9b02b52f9928f80923a61107af.jpg&w=3840&q=60, https://www.sunmotors.co.uk/_next/image?url=https%3A%2F%2Fprod-sun-vehicle-images.s3.eu-west-2.amazonaws.com%2Fvehicles%2FNK64DNO%2F14c227ea317562c3380cb0ac791e5fb8.jpg&w=3840&q=60, https://www.sunmotors.co.uk/_next/image?url=https%3A%2F%2Fprod-sun-vehicle-images.s3.eu-west-2.amazonaws.com%2Fvehicles%2FNK64DNO%2Fa331ebe57ef1760f449d1168783e6a61.jpg&w=3840&q=60, https://www.sunmotors.co.uk/_next/image?url=https%3A%2F%2Fprod-sun-vehicle-images.s3.eu-west-2.amazonaws.com%2Fvehicles%2FNK64DNO%2F47fe489c1d0531603511033fb187f40e.jpg&w=3840&q=60, https://www.sunmotors.co.uk/_next/image?url=https%3A%2F%2Fprod-sun-vehicle-images.s3.eu-west-2.amazonaws.com%2Fvehicles%2FNK64DNO%2F75ad054a1fdbced4985143ad42ff4917.jpg&w=3840&q=60, https://www.sunmotors.co.uk/_next/image?url=https%3A%2F%2Fprod-sun-vehicle-images.s3.eu-west-2.amazonaws.com%2Fvehicles%2FNK64DNO%2Fc84069af34e05b6cf46b22e43c96f602.jpg&w=3840&q=60, https://www.sunmotors.co.uk/_next/image?url=https%3A%2F%2Fprod-sun-vehicle-images.s3.eu-west-2.amazonaws.com%2Fvehicles%2FNK64DNO%2Fbfeb14fe8f81475d8e4b08648a0f8060.jpg&w=3840&q=60, https://www.sunmotors.co.uk/_next/image?url=https%3A%2F%2Fprod-sun-vehicle-images.s3.eu-west-2.amazonaws.com%2Fvehicles%2FNK64DNO%2Fe4719886af8fd9103cee088ccb4fc2c3.jpg&w=3840&q=60, https://www.sunmotors.co.uk/_next/image?url=https%3A%2F%2Fprod-sun-vehicle-images.s3.eu-west-2.amazonaws.com%2Fvehicles%2FNK64DNO%2F0c54c884794d8c487ee86d0f71a439cb.jpg&w=3840&q=60, https://www.sunmotors.co.uk/_next/image?url=https%3A%2F%2Fprod-sun-vehicle-images.s3.eu-west-2.amazonaws.com%2Fvehicles%2FNK64DNO%2Fd2a007fbc225f90b4ce3ed16f2cfa6cc.jpg&w=3840&q=60, https://www.sunmotors.co.uk/_next/image?url=https%3A%2F%2Fprod-sun-vehicle-images.s3.eu-west-2.amazonaws.com%2Fvehicles%2FNK64DNO%2Fedaab26d034baa9fdd6264c275c3a9b0.jpg&w=3840&q=60, https://www.sunmotors.co.uk/_next/image?url=https%3A%2F%2Fprod-sun-vehicle-images.s3.eu-west-2.amazonaws.com%2Fvehicles%2FNK64DNO%2F1e44fabc05a3b8c3bc5a31801051a5fd.jpg&w=3840&q=60, https://www.sunmotors.co.uk/_next/image?url=https%3A%2F%2Fprod-sun-vehicle-images.s3.eu-west-2.amazonaws.com%2Fvehicles%2FNK64DNO%2F90e63ba0c03d0accf83d275b165840b3.jpg&w=3840&q=60, https://www.sunmotors.co.uk/_next/image?url=https%3A%2F%2Fprod-sun-vehicle-images.s3.eu-west-2.amazonaws.com%2Fvehicles%2FNK64DNO%2F7a2442363d3921e95ed53e09edc44c83.jpg&w=3840&q=60, https://www.sunmotors.co.uk/_next/image?url=https%3A%2F%2Fprod-sun-vehicle-images.s3.eu-west-2.amazonaws.com%2Fvehicles%2FNK64DNO%2F8c4e88eae8469b5187b28d894f849f83.jpg&w=3840&q=60, https://www.sunmotors.co.uk/_next/image?url=https%3A%2F%2Fprod-sun-vehicle-images.s3.eu-west-2.amazonaws.com%2Fvehicles%2FNK64DNO%2F1f6ff2f73acc0c70a351adbcd1121c31.jpg&w=3840&q=60, https://www.sunmotors.co.uk/_next/image?url=https%3A%2F%2Fprod-sun-vehicle-images.s3.eu-west-2.amazonaws.com%2Fvehicles%2FNK64DNO%2F7b95ef3656bf044faa216c9c112e6c92.jpg&w=3840&q=60, https://www.sunmotors.co.uk/_next/image?url=https%3A%2F%2Fprod-sun-vehicle-images.s3.eu-west-2.amazonaws.com%2Fvehicles%2FNK64DNO%2Fc76763629eae32044a3de915d9e8d9fc.jpg&w=3840&q=60, https://www.sunmotors.co.uk/_next/image?url=https%3A%2F%2Fprod-sun-vehicle-images.s3.eu-west-2.amazonaws.com%2Fvehicles%2FNK64DNO%2F05e1d79500560a3ffbc5cda78bc53799.jpg&w=3840&q=60"
Mazda Mazda6 2.0 SKYACTIV-G SE-L Tourer 5dr Petrol Manual Euro 6 (s/s) (145 ps),"£7,995",CA65VXZ,"2L
Estate
Manual
Petrol
65,293 Miles
2016","https://www.sunmotors.co.uk/_next/image?url=https%3A%2F%2Fprod-sun-vehicle-images.s3.eu-west-2.amazonaws.com%2Fvehicles%2FCA65VXZ%2Faebced74ffb6a6db7ecc1bf8955568da.jpg&w=3840&q=60, https://www.sunmotors.co.uk/_next/image?url=https%3A%2F%2Fprod-sun-vehicle-images.s3.eu-west-2.amazonaws.com%2Fvehicles%2FCA65VXZ%2F6041d73f48ad0407b83ec294e4b452c1.jpg&w=3840&q=60, https://www.sunmotors.co.uk/_next/image?url=https%3A%2F%2Fprod-sun-vehicle-images.s3.eu-west-2.amazonaws.com%2Fvehicles%2FCA65VXZ%2F7f5be29b79cb6ef8d3180b189212c3d2.jpg&w=3840&q=60, https://www.sunmotors.co.uk/_next/image?url=https%3A%2F%2Fprod-sun-vehicle-images.s3.eu-west-2.amazonaws.com%2Fvehicles%2FCA65VXZ%2F6f37ad5058e1e3312b0744adea1a1995.jpg&w=3840&q=60, https://www.sunmotors.co.uk/_next/image?url=https%3A%2F%2Fprod-sun-vehicle-images.s3.eu-west-2.amazonaws.com%2Fvehicles%2FCA65VXZ%2F845d055367aaa2e69974217711b435ce.jpg&w=3840&q=60, https://www.sunmotors.co.uk/_next/image?url=https%3A%2F%2Fprod-sun-vehicle-images.s3.eu-west-2.amazonaws.com%2Fvehicles%2FCA65VXZ%2Fc09767c1f0c5364e4a5d88dff8746d7c.jpg&w=3840&q=60, https://www.sunmotors.co.uk/_next/image?url=https%3A%2F%2Fprod-sun-vehicle-images.s3.eu-west-2.amazonaws.com%2Fvehicles%2FCA65VXZ%2F5b3761409fbb31c7d6055a747d514aee.jpg&w=3840&q=60, https://www.sunmotors.co.uk/_next/image?url=https%3A%2F%2Fprod-sun-vehicle-images.s3.eu-west-2.amazonaws.com%2Fvehicles%2FCA65VXZ%2F5518282d9036bf60aaa8c6848584d4df.jpg&w=3840&q=60, https://www.sunmotors.co.uk/_next/image?url=https%3A%2F%2Fprod-sun-vehicle-images.s3.eu-west-2.amazonaws.com%2Fvehicles%2FCA65VXZ%2Fb5e6294cce6a666c696a8b2db0f5c72d.jpg&w=3840&q=60, https://www.sunmotors.co.uk/_next/image?url=https%3A%2F%2Fprod-sun-vehicle-images.s3.eu-west-2.amazonaws.com%2Fvehicles%2FCA65VXZ%2F7690107a0aec199fe978a235a872aa38.jpg&w=3840&q=60, https://www.sunmotors.co.uk/_next/image?url=https%3A%2F%2Fprod-sun-vehicle-images.s3.eu-west-2.amazonaws.com%2Fvehicles%2FCA65VXZ%2F8cf73f6a608f21493d9c87fc63693065.jpg&w=3840&q=60, https://www.sunmotors.co.uk/_next/image?url=https%3A%2F%2Fprod-sun-vehicle-images.s3.eu-west-2.amazonaws.com%2Fvehicles%2FCA65VXZ%2F0a4a62c3e2cb32133522e980d2bd5540.jpg&w=3840&q=60, https://www.sunmotors.co.uk/_next/image?url=https%3A%2F%2Fprod-sun-vehicle-images.s3.eu-west-2.amazonaws.com%2Fvehicles%2FCA65VXZ%2F01edb73b5bc086daa7446ac715730de1.jpg&w=3840&q=60, https://www.sunmotors.co.uk/_next/image?url=https%3A%2F%2Fprod-sun-vehicle-images.s3.eu-west-2.amazonaws.com%2Fvehicles%2FCA65VXZ%2F594fb96216ee35caac3769a2d9c254c6.jpg&w=3840&q=60, https://www.sunmotors.co.uk/_next/image?url=https%3A%2F%2Fprod-sun-vehicle-images.s3.eu-west-2.amazonaws.com%2Fvehicles%2FCA65VXZ%2F0d146df2c632ff93a73fe3af272775ff.jpg&w=3840&q=60, https://www.sunmotors.co.uk/_next/image?url=https%3A%2F%2Fprod-sun-vehicle-images.s3.eu-west-2.amazonaws.com%2Fvehicles%2FCA65VXZ%2Fcbd1a71ed6998d6061fb46b4a691083d.jpg&w=3840&q=60, https://www.sunmotors.co.uk/_next/image?url=https%3A%2F%2Fprod-sun-vehicle-images.s3.eu-west-2.amazonaws.com%2Fvehicles%2FCA65VXZ%2Fb26cc01cdd917c53751ead84330978fa.jpg&w=3840&q=60, https://www.sunmotors.co.uk/_next/image?url=https%3A%2F%2Fprod-sun-vehicle-images.s3.eu-west-2.amazonaws.com%2Fvehicles%2FCA65VXZ%2Fa721ecd1270e1064ab44e3a3fa34d227.jpg&w=3840&q=60"
Land Rover Range Rover Evoque 2.0 TD4 Autobiography SUV 5dr Diesel Auto 4WD Euro 6 (s/s) (180 ps),"£16,995",GU16WDS,"2L
Suv Estate
Automatic
Diesel
43,991 Miles
2016","https://www.sunmotors.co.uk/_next/image?url=https%3A%2F%2Fprod-sun-vehicle-images.s3.eu-west-2.amazonaws.com%2Fvehicles%2FGU16WDS%2Fd422ba0f38b98eabb7cd8d032b2337a0.jpg&w=3840&q=60, https://www.sunmotors.co.uk/_next/image?url=https%3A%2F%2Fprod-sun-vehicle-images.s3.eu-west-2.amazonaws.com%2Fvehicles%2FGU16WDS%2F5d2bbaa2239a091305f42ee925facb50.jpg&w=3840&q=60, https://www.sunmotors.co.uk/_next/image?url=https%3A%2F%2Fprod-sun-vehicle-images.s3.eu-west-2.amazonaws.com%2Fvehicles%2FGU16WDS%2Fc9f52a3a12b141f703216432e72ac936.jpg&w=3840&q=60, https://www.sunmotors.co.uk/_next/image?url=https%3A%2F%2Fprod-sun-vehicle-images.s3.eu-west-2.amazonaws.com%2Fvehicles%2FGU16WDS%2F48b5d1bc8ae6293caa4a5be3ed63078f.jpg&w=3840&q=60, https://www.sunmotors.co.uk/_next/image?url=https%3A%2F%2Fprod-sun-vehicle-images.s3.eu-west-2.amazonaws.com%2Fvehicles%2FGU16WDS%2Fb1b9e08f1c8a2294fc2950427cdee40b.jpg&w=3840&q=60, https://www.sunmotors.co.uk/_next/image?url=https%3A%2F%2Fprod-sun-vehicle-images.s3.eu-west-2.amazonaws.com%2Fvehicles%2FGU16WDS%2Ffcbf700966bb5c1da854fc612faae36b.jpg&w=3840&q=60, https://www.sunmotors.co.uk/_next/image?url=https%3A%2F%2Fprod-sun-vehicle-images.s3.eu-west-2.amazonaws.com%2Fvehicles%2FGU16WDS%2Fcf784d937badf50394ffcf07abbfdd2e.jpg&w=3840&q=60, https://www.sunmotors.co.uk/_next/image?url=https%3A%2F%2Fprod-sun-vehicle-images.s3.eu-west-2.amazonaws.com%2Fvehicles%2FGU16WDS%2F44b037cd6c040c9a169119e6f3709c53.jpg&w=3840&q=60, https://www.sunmotors.co.uk/_next/image?url=https%3A%2F%2Fprod-sun-vehicle-images.s3.eu-west-2.amazonaws.com%2Fvehicles%2FGU16WDS%2F37b870c363177e9fb7491c39f5f0144f.jpg&w=3840&q=60, https://www.sunmotors.co.uk/_next/image?url=https%3A%2F%2Fprod-sun-vehicle-images.s3.eu-west-2.amazonaws.com%2Fvehicles%2FGU16WDS%2Ffaac34382cbc20668fe778305aa330bc.jpg&w=3840&q=60, https://www.sunmotors.co.uk/_next/image?url=https%3A%2F%2Fprod-sun-vehicle-images.s3.eu-west-2.amazonaws.com%2Fvehicles%2FGU16WDS%2F1bbac5fb5789047a7f129677cec219a4.jpg&w=3840&q=60, https://www.sunmotors.co.uk/_next/image?url=https%3A%2F%2Fprod-sun-vehicle-images.s3.eu-west-2.amazonaws.com%2Fvehicles%2FGU16WDS%2F7c1842628eb5f6c4e29c844d70f98e16.jpg&w=3840&q=60, https://www.sunmotors.co.uk/_next/image?url=https%3A%2F%2Fprod-sun-vehicle-images.s3.eu-west-2.amazonaws.com%2Fvehicles%2FGU16WDS%2F7266909fc97fc35891d2675679691078.jpg&w=3840&q=60, https://www.sunmotors.co.uk/_next/image?url=https%3A%2F%2Fprod-sun-vehicle-images.s3.eu-west-2.amazonaws.com%2Fvehicles%2FGU16WDS%2Fa38d076b18286b62fec892144fe0f363.jpg&w=3840&q=60, https://www.sunmotors.co.uk/_next/image?url=https%3A%2F%2Fprod-sun-vehicle-images.s3.eu-west-2.amazonaws.com%2Fvehicles%2FGU16WDS%2F50cf1a85f52f4b6d1cb2beb2d83711fd.jpg&w=3840&q=60, https://www.sunmotors.co.uk/_next/image?url=https%3A%2F%2Fprod-sun-vehicle-images.s3.eu-west-2.amazonaws.com%2Fvehicles%2FGU16WDS%2Fa09fe60a47190aa2785a9280f76c0fe8.jpg&w=3840&q=60, https://www.sunmotors.co.uk/_next/image?url=https%3A%2F%2Fprod-sun-vehicle-images.s3.eu-west-2.amazonaws.com%2Fvehicles%2FGU16WDS%2F2cafb091b199991eff5eebbbaf11c265.jpg&w=3840&q=60, https://www.sunmotors.co.uk/_next/image?url=https%3A%2F%2Fprod-sun-vehicle-images.s3.eu-west-2.amazonaws.com%2Fvehicles%2FGU16WDS%2Fa835d7f5366fdd64f6bb6c2eca9e76f0.jpg&w=3840&q=60, https://www.sunmotors.co.uk/_next/image?url=https%3A%2F%2Fprod-sun-vehicle-images.s3.eu-west-2.amazonaws.com%2Fvehicles%2FGU16WDS%2F2cf69089e7deb95be57ed3cb9e888bc5.jpg&w=3840&q=60, https://www.sunmotors.co.uk/_next/image?url=https%3A%2F%2Fprod-sun-vehicle-images.s3.eu-west-2.amazonaws.com%2Fvehicles%2FGU16WDS%2F70dd41adf3e55de10f825be5bf06a2e7.jpg&w=3840&q=60, https://www.sunmotors.co.uk/_next/image?url=https%3A%2F%2Fprod-sun-vehicle-images.s3.eu-west-2.amazonaws.com%2Fvehicles%2FGU16WDS%2F6ade7b3b6610a8dbcdcaea1c5c25ba3e.jpg&w=3840&q=60, https://www.sunmotors.co.uk/_next/image?url=https%3A%2F%2Fprod-sun-vehicle-images.s3.eu-west-2.amazonaws.com%2Fvehicles%2FGU16WDS%2F0827e2e75418997ce4da7318f8470dc0.jpg&w=3840&q=60, https://www.sunmotors.co.uk/_next/image?url=https%3A%2F%2Fprod-sun-vehicle-images.s3.eu-west-2.amazonaws.com%2Fvehicles%2FGU16WDS%2F171caed248584e6d70f40e6850477a7b.jpg&w=3840&q=60, https://www.sunmotors.co.uk/_next/image?url=https%3A%2F%2Fprod-sun-vehicle-images.s3.eu-west-2.amazonaws.com%2Fvehicles%2FGU16WDS%2Fa7ef7564e56eb61d2f5d19583c596511.jpg&w=3840&q=60, https://www.sunmotors.co.uk/_next/image?url=https%3A%2F%2Fprod-sun-vehicle-images.s3.eu-west-2.amazonaws.com%2Fvehicles%2FGU16WDS%2F560a6d366b6888f0ae99764dfd3621d6.jpg&w=3840&q=60, https://www.sunmotors.co.uk/_next/image?url=https%3A%2F%2Fprod-sun-vehicle-images.s3.eu-west-2.amazonaws.com%2Fvehicles%2FGU16WDS%2F20b60ae48a73fef60fda9aca1453eea8.jpg&w=3840&q=60"
Ford S-Max 1.6T EcoBoost Zetec MPV 5dr Petrol Manual Euro 5 (160 ps),"£6,995",GK63WHX,"1.6L
MPV
Manual
Petrol
74,816 Miles
2013","https://www.sunmotors.co.uk/_next/image?url=https%3A%2F%2Fprod-sun-vehicle-images.s3.eu-west-2.amazonaws.com%2Fvehicles%2FGK63WHX%2Fb5444880036eb31d344482a58bc3a6f4.jpg&w=3840&q=60, https://www.sunmotors.co.uk/_next/image?url=https%3A%2F%2Fprod-sun-vehicle-images.s3.eu-west-2.amazonaws.com%2Fvehicles%2FGK63WHX%2F2940c951815bf6b12daf432693896b27.jpg&w=3840&q=60, https://www.sunmotors.co.uk/_next/image?url=https%3A%2F%2Fprod-sun-vehicle-images.s3.eu-west-2.amazonaws.com%2Fvehicles%2FGK63WHX%2Fbf837fbcc051bb6de5824dc696e05444.jpg&w=3840&q=60, https://www.sunmotors.co.uk/_next/image?url=https%3A%2F%2Fprod-sun-vehicle-images.s3.eu-west-2.amazonaws.com%2Fvehicles%2FGK63WHX%2F1ead2e6329dcf0c299bea32e61cabfd1.jpg&w=3840&q=60, https://www.sunmotors.co.uk/_next/image?url=https%3A%2F%2Fprod-sun-vehicle-images.s3.eu-west-2.amazonaws.com%2Fvehicles%2FGK63WHX%2F98114730654a92cc2ff8789ad00f1360.jpg&w=3840&q=60, https://www.sunmotors.co.uk/_next/image?url=https%3A%2F%2Fprod-sun-vehicle-images.s3.eu-west-2.amazonaws.com%2Fvehicles%2FGK63WHX%2Fc5338bfe06eb751a8722b2cf49dca019.jpg&w=3840&q=60, https://www.sunmotors.co.uk/_next/image?url=https%3A%2F%2Fprod-sun-vehicle-images.s3.eu-west-2.amazonaws.com%2Fvehicles%2FGK63WHX%2F30411e204d6352a47b843c5f51ba8db2.jpg&w=3840&q=60, https://www.sunmotors.co.uk/_next/image?url=https%3A%2F%2Fprod-sun-vehicle-images.s3.eu-west-2.amazonaws.com%2Fvehicles%2FGK63WHX%2F3c74d24db5f321ad6d1d0169f225a981.jpg&w=3840&q=60, https://www.sunmotors.co.uk/_next/image?url=https%3A%2F%2Fprod-sun-vehicle-images.s3.eu-west-2.amazonaws.com%2Fvehicles%2FGK63WHX%2F5ec2d9bf713234353bd92af80b0ac5c3.jpg&w=3840&q=60, https://www.sunmotors.co.uk/_next/image?url=https%3A%2F%2Fprod-sun-vehicle-images.s3.eu-west-2.amazonaws.com%2Fvehicles%2FGK63WHX%2F2bab55f9e9df78bffe076087f7bfa34a.jpg&w=3840&q=60, https://www.sunmotors.co.uk/_next/image?url=https%3A%2F%2Fprod-sun-vehicle-images.s3.eu-west-2.amazonaws.com%2Fvehicles%2FGK63WHX%2F8b5b767fd97126fc7e993512ca88deeb.jpg&w=3840&q=60, https://www.sunmotors.co.uk/_next/image?url=https%3A%2F%2Fprod-sun-vehicle-images.s3.eu-west-2.amazonaws.com%2Fvehicles%2FGK63WHX%2Fde83a2fcb37e64be43ebd3653d35fbba.jpg&w=3840&q=60, https://www.sunmotors.co.uk/_next/image?url=https%3A%2F%2Fprod-sun-vehicle-images.s3.eu-west-2.amazonaws.com%2Fvehicles%2FGK63WHX%2F0f70568cb224cfdc112891e758c6662a.jpg&w=3840&q=60, https://www.sunmotors.co.uk/_next/image?url=https%3A%2F%2Fprod-sun-vehicle-images.s3.eu-west-2.amazonaws.com%2Fvehicles%2FGK63WHX%2Fa5f764cf2aa772b06ab8cf640dabb81f.jpg&w=3840&q=60, https://www.sunmotors.co.uk/_next/image?url=https%3A%2F%2Fprod-sun-vehicle-images.s3.eu-west-2.amazonaws.com%2Fvehicles%2FGK63WHX%2F3420f75b344dff814ade7fd8059148d7.jpg&w=3840&q=60"
,,,,
