Title,Lot_num,Auction Date,Registered,Mileage,Details,MOT,Estimated Price,VAT Status,Current_retail_value,Additional_info,Images
Volkswagen Polo E 55 - 1198cc,200,Wed 29 Jan at 12:00pm,29 March 2006 V5 Here,"97,040 miles","Black, Manual, Petrol, Hatchback",Feb 2025,£500,n/a,£-6,"** DIRECT MAIN DEALER **
SERVICE STAMPS X14 // LAST SERVICE @ 91K",https://wilsonsimagescdn.azureedge.net/i_folder/telf/VK06EUL/01-411805-46064-Front%20Angle.jpg?width=210&height=160&bgcolor=ffffff; https://wilsonsimagescdn.azureedge.net/i_folder/telf/VK06EUL/02-411806-46064-Rear%20Angle.jpg?width=210&height=160&bgcolor=ffffff; https://wilsonsimagescdn.azureedge.net/i_folder/telf/VK06EUL/03-411807-46064-Interior.jpg?width=210&height=160&bgcolor=ffffff; https://wilsonsimagescdn.azureedge.net/i_folder/telf/VK06EUL/02-411806-46064-Rear%20Angle.jpg?width=210&height=160&bgcolor=ffffff; https://wilsonsimagescdn.azureedge.net/i_folder/telf/VK06EUL/03-411807-46064-Interior.jpg?width=210&height=160&bgcolor=ffffff; https://wilsonsimagescdn.azureedge.net/i_folder/telf/VK06EUL/03-411808-46064-Interior.jpg?width=210&height=160&bgcolor=ffffff; https://wilsonsimagescdn.azureedge.net/i_folder/telf/VK06EUL/03-411807-46064-Interior.jpg?width=210&height=160&bgcolor=ffffff; https://wilsonsimagescdn.azureedge.net/i_folder/telf/VK06EUL/03-411808-46064-Interior.jpg?width=210&height=160&bgcolor=ffffff; https://wilsonsimagescdn.azureedge.net/i_folder/telf/VK06EUL/03-411809-46064-Interior.jpg?width=210&height=160&bgcolor=ffffff; https://wilsonsimagescdn.azureedge.net/i_folder/telf/VK06EUL/03-411808-46064-Interior.jpg?width=210&height=160&bgcolor=ffffff; https://wilsonsimagescdn.azureedge.net/i_folder/telf/VK06EUL/03-411809-46064-Interior.jpg?width=210&height=160&bgcolor=ffffff; https://wilsonsimagescdn.azureedge.net/i_folder/telf/VK06EUL/03-411810-46064-Interior.jpg?width=210&height=160&bgcolor=ffffff; https://wilsonsimagescdn.azureedge.net/i_folder/telf/VK06EUL/03-411809-46064-Interior.jpg?width=210&height=160&bgcolor=ffffff; https://wilsonsimagescdn.azureedge.net/i_folder/telf/VK06EUL/03-411810-46064-Interior.jpg?width=210&height=160&bgcolor=ffffff; https://wilsonsimagescdn.azureedge.net/i_folder/telf/VK06EUL/04-411811-46064-Speedo%20Reading.jpg?width=210&height=160&bgcolor=ffffff; https://wilsonsimagescdn.azureedge.net/i_folder/telf/VK06EUL/03-411810-46064-Interior.jpg?width=210&height=160&bgcolor=ffffff; https://wilsonsimagescdn.azureedge.net/i_folder/telf/VK06EUL/04-411811-46064-Speedo%20Reading.jpg?width=210&height=160&bgcolor=ffffff; https://wilsonsimagescdn.azureedge.net/i_folder/telf/VK06EUL/12-411812-46064-Damage%20(Image%20Only).jpg?width=210&height=160&bgcolor=ffffff; https://wilsonsimagescdn.azureedge.net/i_folder/telf/VK06EUL/04-411811-46064-Speedo%20Reading.jpg?width=210&height=160&bgcolor=ffffff; https://wilsonsimagescdn.azureedge.net/i_folder/telf/VK06EUL/12-411812-46064-Damage%20(Image%20Only).jpg?width=210&height=160&bgcolor=ffffff; https://wilsonsimagescdn.azureedge.net/i_folder/telf/VK06EUL/12-411813-46064-Damage%20(Image%20Only).jpg?width=210&height=160&bgcolor=ffffff; https://wilsonsimagescdn.azureedge.net/i_folder/telf/VK06EUL/12-411812-46064-Damage%20(Image%20Only).jpg?width=210&height=160&bgcolor=ffffff; https://wilsonsimagescdn.azureedge.net/i_folder/telf/VK06EUL/12-411813-46064-Damage%20(Image%20Only).jpg?width=210&height=160&bgcolor=ffffff; https://wilsonsimagescdn.azureedge.net/i_folder/telf/VK06EUL/12-411814-46064-Damage%20(Image%20Only).jpg?width=210&height=160&bgcolor=ffffff; https://wilsonsimagescdn.azureedge.net/i_folder/telf/VK06EUL/12-411813-46064-Damage%20(Image%20Only).jpg?width=210&height=160&bgcolor=ffffff; https://wilsonsimagescdn.azureedge.net/i_folder/telf/VK06EUL/12-411814-46064-Damage%20(Image%20Only).jpg?width=210&height=160&bgcolor=ffffff; https://wilsonsimagescdn.azureedge.net/i_folder/telf/VK06EUL/12-411815-46064-Damage%20(Image%20Only).jpg?width=210&height=160&bgcolor=ffffff; https://wilsonsimagescdn.azureedge.net/i_folder/telf/VK06EUL/12-411814-46064-Damage%20(Image%20Only).jpg?width=210&height=160&bgcolor=ffffff; https://wilsonsimagescdn.azureedge.net/i_folder/telf/VK06EUL/12-411815-46064-Damage%20(Image%20Only).jpg?width=210&height=160&bgcolor=ffffff; https://wilsonsimagescdn.azureedge.net/i_folder/telf/VK06EUL/12-411816-46064-Damage%20(Image%20Only).jpg?width=210&height=160&bgcolor=ffffff; https://wilsonsimagescdn.azureedge.net/i_folder/telf/VK06EUL/12-411815-46064-Damage%20(Image%20Only).jpg?width=210&height=160&bgcolor=ffffff; https://wilsonsimagescdn.azureedge.net/i_folder/telf/VK06EUL/12-411816-46064-Damage%20(Image%20Only).jpg?width=210&height=160&bgcolor=ffffff; https://wilsonsimagescdn.azureedge.net/i_folder/telf/VK06EUL/12-411817-46064-Damage%20(Image%20Only).jpg?width=210&height=160&bgcolor=ffffff; https://wilsonsimagescdn.azureedge.net/i_folder/telf/VK06EUL/12-411816-46064-Damage%20(Image%20Only).jpg?width=210&height=160&bgcolor=ffffff; https://wilsonsimagescdn.azureedge.net/i_folder/telf/VK06EUL/12-411817-46064-Damage%20(Image%20Only).jpg?width=210&height=160&bgcolor=ffffff; https://wilsonsimagescdn.azureedge.net/i_folder/telf/VK06EUL/12-411818-46064-Damage%20(Image%20Only).jpg?width=210&height=160&bgcolor=ffffff; https://wilsonsimagescdn.azureedge.net/i_folder/telf/VK06EUL/12-411817-46064-Damage%20(Image%20Only).jpg?width=210&height=160&bgcolor=ffffff; https://wilsonsimagescdn.azureedge.net/i_folder/telf/VK06EUL/12-411818-46064-Damage%20(Image%20Only).jpg?width=210&height=160&bgcolor=ffffff; https://wilsonsimagescdn.azureedge.net/i_folder/telf/VK06EUL/12-411819-46064-Damage%20(Image%20Only).jpg?width=210&height=160&bgcolor=ffffff; https://wilsonsimagescdn.azureedge.net/i_folder/telf/VK06EUL/12-411818-46064-Damage%20(Image%20Only).jpg?width=210&height=160&bgcolor=ffffff; https://wilsonsimagescdn.azureedge.net/i_folder/telf/VK06EUL/12-411819-46064-Damage%20(Image%20Only).jpg?width=210&height=160&bgcolor=ffffff; https://wilsonsimagescdn.azureedge.net/i_folder/telf/VK06EUL/12-411820-46064-Damage%20(Image%20Only).jpg?width=210&height=160&bgcolor=ffffff; https://wilsonsimagescdn.azureedge.net/i_folder/telf/VK06EUL/12-411819-46064-Damage%20(Image%20Only).jpg?width=210&height=160&bgcolor=ffffff; https://wilsonsimagescdn.azureedge.net/i_folder/telf/VK06EUL/12-411820-46064-Damage%20(Image%20Only).jpg?width=210&height=160&bgcolor=ffffff; https://wilsonsimagescdn.azureedge.net/i_folder/telf/VK06EUL/12-411821-46064-Damage%20(Image%20Only).jpg?width=210&height=160&bgcolor=ffffff; https://wilsonsimagescdn.azureedge.net/i_folder/telf/VK06EUL/12-411820-46064-Damage%20(Image%20Only).jpg?width=210&height=160&bgcolor=ffffff; https://wilsonsimagescdn.azureedge.net/i_folder/telf/VK06EUL/12-411821-46064-Damage%20(Image%20Only).jpg?width=210&height=160&bgcolor=ffffff; https://wilsonsimagescdn.azureedge.net/i_folder/telf/VK06EUL/12-411822-46064-Damage%20(Image%20Only).jpg?width=210&height=160&bgcolor=ffffff; https://wilsonsimagescdn.azureedge.net/i_folder/telf/VK06EUL/12-411821-46064-Damage%20(Image%20Only).jpg?width=210&height=160&bgcolor=ffffff; https://wilsonsimagescdn.azureedge.net/i_folder/telf/VK06EUL/12-411822-46064-Damage%20(Image%20Only).jpg?width=210&height=160&bgcolor=ffffff; https://wilsonsimagescdn.azureedge.net/i_folder/telf/VK06EUL/12-411823-46064-Damage%20(Image%20Only).jpg?width=210&height=160&bgcolor=ffffff
Ford Focus Ghia - 1596cc,201,Wed 29 Jan at 12:00pm,31 March 2006 V5 Here,"62,000 miles","Blue, Manual, Petrol, Hatchback",Jun 2025,£920,n/a,£-5,"** DIRECT MAIN DEALER **
SERVICE STAMPS X2",https://wilsonsimagescdn.azureedge.net/i_folder/telf/YT06OCP/01-411638-46043-Front%20Angle.jpg?width=210&height=160&bgcolor=ffffff; https://wilsonsimagescdn.azureedge.net/i_folder/telf/YT06OCP/02-411639-46043-Rear%20Angle.jpg?width=210&height=160&bgcolor=ffffff; https://wilsonsimagescdn.azureedge.net/i_folder/telf/YT06OCP/03-411640-46043-Interior.jpg?width=210&height=160&bgcolor=ffffff; https://wilsonsimagescdn.azureedge.net/i_folder/telf/YT06OCP/02-411639-46043-Rear%20Angle.jpg?width=210&height=160&bgcolor=ffffff; https://wilsonsimagescdn.azureedge.net/i_folder/telf/YT06OCP/03-411640-46043-Interior.jpg?width=210&height=160&bgcolor=ffffff; https://wilsonsimagescdn.azureedge.net/i_folder/telf/YT06OCP/03-411641-46043-Interior.jpg?width=210&height=160&bgcolor=ffffff; https://wilsonsimagescdn.azureedge.net/i_folder/telf/YT06OCP/03-411640-46043-Interior.jpg?width=210&height=160&bgcolor=ffffff; https://wilsonsimagescdn.azureedge.net/i_folder/telf/YT06OCP/03-411641-46043-Interior.jpg?width=210&height=160&bgcolor=ffffff; https://wilsonsimagescdn.azureedge.net/i_folder/telf/YT06OCP/03-411642-46043-Interior.jpg?width=210&height=160&bgcolor=ffffff; https://wilsonsimagescdn.azureedge.net/i_folder/telf/YT06OCP/03-411641-46043-Interior.jpg?width=210&height=160&bgcolor=ffffff; https://wilsonsimagescdn.azureedge.net/i_folder/telf/YT06OCP/03-411642-46043-Interior.jpg?width=210&height=160&bgcolor=ffffff; https://wilsonsimagescdn.azureedge.net/i_folder/telf/YT06OCP/04-411643-46043-Speedo%20Reading.jpg?width=210&height=160&bgcolor=ffffff; https://wilsonsimagescdn.azureedge.net/i_folder/telf/YT06OCP/03-411642-46043-Interior.jpg?width=210&height=160&bgcolor=ffffff; https://wilsonsimagescdn.azureedge.net/i_folder/telf/YT06OCP/04-411643-46043-Speedo%20Reading.jpg?width=210&height=160&bgcolor=ffffff; https://wilsonsimagescdn.azureedge.net/i_folder/telf/YT06OCP/12-411644-46043-Damage%20(Image%20Only).jpg?width=210&height=160&bgcolor=ffffff; https://wilsonsimagescdn.azureedge.net/i_folder/telf/YT06OCP/04-411643-46043-Speedo%20Reading.jpg?width=210&height=160&bgcolor=ffffff; https://wilsonsimagescdn.azureedge.net/i_folder/telf/YT06OCP/12-411644-46043-Damage%20(Image%20Only).jpg?width=210&height=160&bgcolor=ffffff; https://wilsonsimagescdn.azureedge.net/i_folder/telf/YT06OCP/12-411645-46043-Damage%20(Image%20Only).jpg?width=210&height=160&bgcolor=ffffff; https://wilsonsimagescdn.azureedge.net/i_folder/telf/YT06OCP/12-411644-46043-Damage%20(Image%20Only).jpg?width=210&height=160&bgcolor=ffffff; https://wilsonsimagescdn.azureedge.net/i_folder/telf/YT06OCP/12-411645-46043-Damage%20(Image%20Only).jpg?width=210&height=160&bgcolor=ffffff; https://wilsonsimagescdn.azureedge.net/i_folder/telf/YT06OCP/12-411646-46043-Damage%20(Image%20Only).jpg?width=210&height=160&bgcolor=ffffff; https://wilsonsimagescdn.azureedge.net/i_folder/telf/YT06OCP/12-411645-46043-Damage%20(Image%20Only).jpg?width=210&height=160&bgcolor=ffffff; https://wilsonsimagescdn.azureedge.net/i_folder/telf/YT06OCP/12-411646-46043-Damage%20(Image%20Only).jpg?width=210&height=160&bgcolor=ffffff; https://wilsonsimagescdn.azureedge.net/i_folder/telf/YT06OCP/12-411647-46043-Damage%20(Image%20Only).jpg?width=210&height=160&bgcolor=ffffff; https://wilsonsimagescdn.azureedge.net/i_folder/telf/YT06OCP/12-411646-46043-Damage%20(Image%20Only).jpg?width=210&height=160&bgcolor=ffffff; https://wilsonsimagescdn.azureedge.net/i_folder/telf/YT06OCP/12-411647-46043-Damage%20(Image%20Only).jpg?width=210&height=160&bgcolor=ffffff; https://wilsonsimagescdn.azureedge.net/i_folder/telf/YT06OCP/12-411648-46043-Damage%20(Image%20Only).jpg?width=210&height=160&bgcolor=ffffff; https://wilsonsimagescdn.azureedge.net/i_folder/telf/YT06OCP/12-411647-46043-Damage%20(Image%20Only).jpg?width=210&height=160&bgcolor=ffffff; https://wilsonsimagescdn.azureedge.net/i_folder/telf/YT06OCP/12-411648-46043-Damage%20(Image%20Only).jpg?width=210&height=160&bgcolor=ffffff; https://wilsonsimagescdn.azureedge.net/i_folder/telf/YT06OCP/12-411649-46043-Damage%20(Image%20Only).jpg?width=210&height=160&bgcolor=ffffff; https://wilsonsimagescdn.azureedge.net/i_folder/telf/YT06OCP/12-411648-46043-Damage%20(Image%20Only).jpg?width=210&height=160&bgcolor=ffffff; https://wilsonsimagescdn.azureedge.net/i_folder/telf/YT06OCP/12-411649-46043-Damage%20(Image%20Only).jpg?width=210&height=160&bgcolor=ffffff; https://wilsonsimagescdn.azureedge.net/i_folder/telf/YT06OCP/12-411650-46043-Damage%20(Image%20Only).jpg?width=210&height=160&bgcolor=ffffff; https://wilsonsimagescdn.azureedge.net/i_folder/telf/YT06OCP/12-411649-46043-Damage%20(Image%20Only).jpg?width=210&height=160&bgcolor=ffffff; https://wilsonsimagescdn.azureedge.net/i_folder/telf/YT06OCP/12-411650-46043-Damage%20(Image%20Only).jpg?width=210&height=160&bgcolor=ffffff; https://wilsonsimagescdn.azureedge.net/i_folder/telf/YT06OCP/12-411651-46043-Damage%20(Image%20Only).jpg?width=210&height=160&bgcolor=ffffff; https://wilsonsimagescdn.azureedge.net/i_folder/telf/YT06OCP/12-411650-46043-Damage%20(Image%20Only).jpg?width=210&height=160&bgcolor=ffffff; https://wilsonsimagescdn.azureedge.net/i_folder/telf/YT06OCP/12-411651-46043-Damage%20(Image%20Only).jpg?width=210&height=160&bgcolor=ffffff; https://wilsonsimagescdn.azureedge.net/i_folder/telf/YT06OCP/12-411652-46043-Damage%20(Image%20Only).jpg?width=210&height=160&bgcolor=ffffff
Ford Fiesta Zetec - 1388cc,202,Wed 29 Jan at 12:00pm,30 September 2011 V5 Here,"125,041 miles","Black, Manual, Petrol, Hatchback",Mar 2025,£1225,n/a,£-6,"** DIRECT MAIN DEALER **
CAMBELT INVOICE @ 85K // SERVICE STAMPS X 5",https://wilsonsimagescdn.azureedge.net/i_folder/telf/VK61HJA/01-400701-45198-Front%20Angle.jpg?width=210&height=160&bgcolor=ffffff; https://wilsonsimagescdn.azureedge.net/i_folder/telf/VK61HJA/02-400702-45198-Rear%20Angle.jpg?width=210&height=160&bgcolor=ffffff; https://wilsonsimagescdn.azureedge.net/i_folder/telf/VK61HJA/03-400703-45198-Interior.jpg?width=210&height=160&bgcolor=ffffff; https://wilsonsimagescdn.azureedge.net/i_folder/telf/VK61HJA/02-400702-45198-Rear%20Angle.jpg?width=210&height=160&bgcolor=ffffff; https://wilsonsimagescdn.azureedge.net/i_folder/telf/VK61HJA/03-400703-45198-Interior.jpg?width=210&height=160&bgcolor=ffffff; https://wilsonsimagescdn.azureedge.net/i_folder/telf/VK61HJA/03-400704-45198-Interior.jpg?width=210&height=160&bgcolor=ffffff; https://wilsonsimagescdn.azureedge.net/i_folder/telf/VK61HJA/03-400703-45198-Interior.jpg?width=210&height=160&bgcolor=ffffff; https://wilsonsimagescdn.azureedge.net/i_folder/telf/VK61HJA/03-400704-45198-Interior.jpg?width=210&height=160&bgcolor=ffffff; https://wilsonsimagescdn.azureedge.net/i_folder/telf/VK61HJA/03-400705-45198-Interior.jpg?width=210&height=160&bgcolor=ffffff; https://wilsonsimagescdn.azureedge.net/i_folder/telf/VK61HJA/03-400704-45198-Interior.jpg?width=210&height=160&bgcolor=ffffff; https://wilsonsimagescdn.azureedge.net/i_folder/telf/VK61HJA/03-400705-45198-Interior.jpg?width=210&height=160&bgcolor=ffffff; https://wilsonsimagescdn.azureedge.net/i_folder/telf/VK61HJA/04-400706-45198-Speedo%20Reading.jpg?width=210&height=160&bgcolor=ffffff; https://wilsonsimagescdn.azureedge.net/i_folder/telf/VK61HJA/03-400705-45198-Interior.jpg?width=210&height=160&bgcolor=ffffff; https://wilsonsimagescdn.azureedge.net/i_folder/telf/VK61HJA/04-400706-45198-Speedo%20Reading.jpg?width=210&height=160&bgcolor=ffffff; https://wilsonsimagescdn.azureedge.net/i_folder/telf/VK61HJA/12-400707-45198-Damage%20(Image%20Only).jpg?width=210&height=160&bgcolor=ffffff; https://wilsonsimagescdn.azureedge.net/i_folder/telf/VK61HJA/04-400706-45198-Speedo%20Reading.jpg?width=210&height=160&bgcolor=ffffff; https://wilsonsimagescdn.azureedge.net/i_folder/telf/VK61HJA/12-400707-45198-Damage%20(Image%20Only).jpg?width=210&height=160&bgcolor=ffffff; https://wilsonsimagescdn.azureedge.net/i_folder/telf/VK61HJA/12-400708-45198-Damage%20(Image%20Only).jpg?width=210&height=160&bgcolor=ffffff; https://wilsonsimagescdn.azureedge.net/i_folder/telf/VK61HJA/12-400707-45198-Damage%20(Image%20Only).jpg?width=210&height=160&bgcolor=ffffff; https://wilsonsimagescdn.azureedge.net/i_folder/telf/VK61HJA/12-400708-45198-Damage%20(Image%20Only).jpg?width=210&height=160&bgcolor=ffffff; https://wilsonsimagescdn.azureedge.net/i_folder/telf/VK61HJA/12-400709-45198-Damage%20(Image%20Only).jpg?width=210&height=160&bgcolor=ffffff; https://wilsonsimagescdn.azureedge.net/i_folder/telf/VK61HJA/12-400708-45198-Damage%20(Image%20Only).jpg?width=210&height=160&bgcolor=ffffff; https://wilsonsimagescdn.azureedge.net/i_folder/telf/VK61HJA/12-400709-45198-Damage%20(Image%20Only).jpg?width=210&height=160&bgcolor=ffffff; https://wilsonsimagescdn.azureedge.net/i_folder/telf/VK61HJA/12-400710-45198-Damage%20(Image%20Only).jpg?width=210&height=160&bgcolor=ffffff; https://wilsonsimagescdn.azureedge.net/i_folder/telf/VK61HJA/12-400709-45198-Damage%20(Image%20Only).jpg?width=210&height=160&bgcolor=ffffff; https://wilsonsimagescdn.azureedge.net/i_folder/telf/VK61HJA/12-400710-45198-Damage%20(Image%20Only).jpg?width=210&height=160&bgcolor=ffffff; https://wilsonsimagescdn.azureedge.net/i_folder/telf/VK61HJA/12-400711-45198-Damage%20(Image%20Only).jpg?width=210&height=160&bgcolor=ffffff; https://wilsonsimagescdn.azureedge.net/i_folder/telf/VK61HJA/12-400710-45198-Damage%20(Image%20Only).jpg?width=210&height=160&bgcolor=ffffff; https://wilsonsimagescdn.azureedge.net/i_folder/telf/VK61HJA/12-400711-45198-Damage%20(Image%20Only).jpg?width=210&height=160&bgcolor=ffffff; https://wilsonsimagescdn.azureedge.net/i_folder/telf/VK61HJA/12-400712-45198-Damage%20(Image%20Only).jpg?width=210&height=160&bgcolor=ffffff; https://wilsonsimagescdn.azureedge.net/i_folder/telf/VK61HJA/12-400711-45198-Damage%20(Image%20Only).jpg?width=210&height=160&bgcolor=ffffff; https://wilsonsimagescdn.azureedge.net/i_folder/telf/VK61HJA/12-400712-45198-Damage%20(Image%20Only).jpg?width=210&height=160&bgcolor=ffffff; https://wilsonsimagescdn.azureedge.net/i_folder/telf/VK61HJA/12-400713-45198-Damage%20(Image%20Only).jpg?width=210&height=160&bgcolor=ffffff; https://wilsonsimagescdn.azureedge.net/i_folder/telf/VK61HJA/12-400712-45198-Damage%20(Image%20Only).jpg?width=210&height=160&bgcolor=ffffff; https://wilsonsimagescdn.azureedge.net/i_folder/telf/VK61HJA/12-400713-45198-Damage%20(Image%20Only).jpg?width=210&height=160&bgcolor=ffffff; https://wilsonsimagescdn.azureedge.net/i_folder/telf/VK61HJA/12-400714-45198-Damage%20(Image%20Only).jpg?width=210&height=160&bgcolor=ffffff; https://wilsonsimagescdn.azureedge.net/i_folder/telf/VK61HJA/12-400713-45198-Damage%20(Image%20Only).jpg?width=210&height=160&bgcolor=ffffff; https://wilsonsimagescdn.azureedge.net/i_folder/telf/VK61HJA/12-400714-45198-Damage%20(Image%20Only).jpg?width=210&height=160&bgcolor=ffffff; https://wilsonsimagescdn.azureedge.net/i_folder/telf/VK61HJA/12-400715-45198-Damage%20(Image%20Only).jpg?width=210&height=160&bgcolor=ffffff; https://wilsonsimagescdn.azureedge.net/i_folder/telf/VK61HJA/12-400714-45198-Damage%20(Image%20Only).jpg?width=210&height=160&bgcolor=ffffff; https://wilsonsimagescdn.azureedge.net/i_folder/telf/VK61HJA/12-400715-45198-Damage%20(Image%20Only).jpg?width=210&height=160&bgcolor=ffffff; https://wilsonsimagescdn.azureedge.net/i_folder/telf/VK61HJA/12-400716-45198-Damage%20(Image%20Only).jpg?width=210&height=160&bgcolor=ffffff; https://wilsonsimagescdn.azureedge.net/i_folder/telf/VK61HJA/12-400715-45198-Damage%20(Image%20Only).jpg?width=210&height=160&bgcolor=ffffff; https://wilsonsimagescdn.azureedge.net/i_folder/telf/VK61HJA/12-400716-45198-Damage%20(Image%20Only).jpg?width=210&height=160&bgcolor=ffffff; https://wilsonsimagescdn.azureedge.net/i_folder/telf/VK61HJA/12-400717-45198-Damage%20(Image%20Only).jpg?width=210&height=160&bgcolor=ffffff
Bmw 525d Se Bus Edition Auto - 2993cc,203,Wed 29 Jan at 12:00pm,30 September 2009 V5 Here,"104,092 miles","Blue, Automatic, Diesel, Estate",Feb 2025,£2475,n/a,£-5,** DIRECT MAIN DEALER **,https://wilsonsimagescdn.azureedge.net/i_folder/telf/MA59OZX/01-404478-45438-Front%20Angle.jpg?width=210&height=160&bgcolor=ffffff; https://wilsonsimagescdn.azureedge.net/i_folder/telf/MA59OZX/02-404479-45438-Rear%20Angle.jpg?width=210&height=160&bgcolor=ffffff; https://wilsonsimagescdn.azureedge.net/i_folder/telf/MA59OZX/03-404480-45438-Interior.jpg?width=210&height=160&bgcolor=ffffff; https://wilsonsimagescdn.azureedge.net/i_folder/telf/MA59OZX/02-404479-45438-Rear%20Angle.jpg?width=210&height=160&bgcolor=ffffff; https://wilsonsimagescdn.azureedge.net/i_folder/telf/MA59OZX/03-404480-45438-Interior.jpg?width=210&height=160&bgcolor=ffffff; https://wilsonsimagescdn.azureedge.net/i_folder/telf/MA59OZX/03-404481-45438-Interior.jpg?width=210&height=160&bgcolor=ffffff; https://wilsonsimagescdn.azureedge.net/i_folder/telf/MA59OZX/03-404480-45438-Interior.jpg?width=210&height=160&bgcolor=ffffff; https://wilsonsimagescdn.azureedge.net/i_folder/telf/MA59OZX/03-404481-45438-Interior.jpg?width=210&height=160&bgcolor=ffffff; https://wilsonsimagescdn.azureedge.net/i_folder/telf/MA59OZX/04-404482-45438-Speedo%20Reading.jpg?width=210&height=160&bgcolor=ffffff; https://wilsonsimagescdn.azureedge.net/i_folder/telf/MA59OZX/03-404481-45438-Interior.jpg?width=210&height=160&bgcolor=ffffff; https://wilsonsimagescdn.azureedge.net/i_folder/telf/MA59OZX/04-404482-45438-Speedo%20Reading.jpg?width=210&height=160&bgcolor=ffffff; https://wilsonsimagescdn.azureedge.net/i_folder/telf/MA59OZX/09-404483-45438-General.jpg?width=210&height=160&bgcolor=ffffff; https://wilsonsimagescdn.azureedge.net/i_folder/telf/MA59OZX/04-404482-45438-Speedo%20Reading.jpg?width=210&height=160&bgcolor=ffffff; https://wilsonsimagescdn.azureedge.net/i_folder/telf/MA59OZX/09-404483-45438-General.jpg?width=210&height=160&bgcolor=ffffff; https://wilsonsimagescdn.azureedge.net/i_folder/telf/MA59OZX/12-404484-45438-Damage%20(Image%20Only).jpg?width=210&height=160&bgcolor=ffffff; https://wilsonsimagescdn.azureedge.net/i_folder/telf/MA59OZX/09-404483-45438-General.jpg?width=210&height=160&bgcolor=ffffff; https://wilsonsimagescdn.azureedge.net/i_folder/telf/MA59OZX/12-404484-45438-Damage%20(Image%20Only).jpg?width=210&height=160&bgcolor=ffffff; https://wilsonsimagescdn.azureedge.net/i_folder/telf/MA59OZX/12-404485-45438-Damage%20(Image%20Only).jpg?width=210&height=160&bgcolor=ffffff; https://wilsonsimagescdn.azureedge.net/i_folder/telf/MA59OZX/12-404484-45438-Damage%20(Image%20Only).jpg?width=210&height=160&bgcolor=ffffff; https://wilsonsimagescdn.azureedge.net/i_folder/telf/MA59OZX/12-404485-45438-Damage%20(Image%20Only).jpg?width=210&height=160&bgcolor=ffffff; https://wilsonsimagescdn.azureedge.net/i_folder/telf/MA59OZX/12-404486-45438-Damage%20(Image%20Only).jpg?width=210&height=160&bgcolor=ffffff; https://wilsonsimagescdn.azureedge.net/i_folder/telf/MA59OZX/12-404485-45438-Damage%20(Image%20Only).jpg?width=210&height=160&bgcolor=ffffff; https://wilsonsimagescdn.azureedge.net/i_folder/telf/MA59OZX/12-404486-45438-Damage%20(Image%20Only).jpg?width=210&height=160&bgcolor=ffffff; https://wilsonsimagescdn.azureedge.net/i_folder/telf/MA59OZX/12-404487-45438-Damage%20(Image%20Only).jpg?width=210&height=160&bgcolor=ffffff; https://wilsonsimagescdn.azureedge.net/i_folder/telf/MA59OZX/12-404486-45438-Damage%20(Image%20Only).jpg?width=210&height=160&bgcolor=ffffff; https://wilsonsimagescdn.azureedge.net/i_folder/telf/MA59OZX/12-404487-45438-Damage%20(Image%20Only).jpg?width=210&height=160&bgcolor=ffffff; https://wilsonsimagescdn.azureedge.net/i_folder/telf/MA59OZX/12-404488-45438-Damage%20(Image%20Only).jpg?width=210&height=160&bgcolor=ffffff; https://wilsonsimagescdn.azureedge.net/i_folder/telf/MA59OZX/12-404487-45438-Damage%20(Image%20Only).jpg?width=210&height=160&bgcolor=ffffff; https://wilsonsimagescdn.azureedge.net/i_folder/telf/MA59OZX/12-404488-45438-Damage%20(Image%20Only).jpg?width=210&height=160&bgcolor=ffffff; https://wilsonsimagescdn.azureedge.net/i_folder/telf/MA59OZX/12-404489-45438-Damage%20(Image%20Only).jpg?width=210&height=160&bgcolor=ffffff; https://wilsonsimagescdn.azureedge.net/i_folder/telf/MA59OZX/12-404488-45438-Damage%20(Image%20Only).jpg?width=210&height=160&bgcolor=ffffff; https://wilsonsimagescdn.azureedge.net/i_folder/telf/MA59OZX/12-404489-45438-Damage%20(Image%20Only).jpg?width=210&height=160&bgcolor=ffffff; https://wilsonsimagescdn.azureedge.net/i_folder/telf/MA59OZX/12-404490-45438-Damage%20(Image%20Only).jpg?width=210&height=160&bgcolor=ffffff
Peugeot Partner Tepee O-d 7st Hdi - 1560cc,204,Wed 29 Jan at 12:00pm,11 July 2010 V5 Here,"82,837 miles","Silver, Manual, Diesel, MPV",May 2025,£2150,n/a,£-6,** DIRECT MAIN DEALER **,https://wilsonsimagescdn.azureedge.net/i_folder/telf/DP10NHX/01-409464-45832-Front%20Angle.jpg?width=210&height=160&bgcolor=ffffff; https://wilsonsimagescdn.azureedge.net/i_folder/telf/DP10NHX/02-409465-45832-Rear%20Angle.jpg?width=210&height=160&bgcolor=ffffff; https://wilsonsimagescdn.azureedge.net/i_folder/telf/DP10NHX/03-409466-45832-Interior.jpg?width=210&height=160&bgcolor=ffffff; https://wilsonsimagescdn.azureedge.net/i_folder/telf/DP10NHX/02-409465-45832-Rear%20Angle.jpg?width=210&height=160&bgcolor=ffffff; https://wilsonsimagescdn.azureedge.net/i_folder/telf/DP10NHX/03-409466-45832-Interior.jpg?width=210&height=160&bgcolor=ffffff; https://wilsonsimagescdn.azureedge.net/i_folder/telf/DP10NHX/03-409468-45832-Interior.jpg?width=210&height=160&bgcolor=ffffff; https://wilsonsimagescdn.azureedge.net/i_folder/telf/DP10NHX/03-409466-45832-Interior.jpg?width=210&height=160&bgcolor=ffffff; https://wilsonsimagescdn.azureedge.net/i_folder/telf/DP10NHX/03-409468-45832-Interior.jpg?width=210&height=160&bgcolor=ffffff; https://wilsonsimagescdn.azureedge.net/i_folder/telf/DP10NHX/04-409467-45832-Speedo%20Reading.jpg?width=210&height=160&bgcolor=ffffff; https://wilsonsimagescdn.azureedge.net/i_folder/telf/DP10NHX/03-409468-45832-Interior.jpg?width=210&height=160&bgcolor=ffffff; https://wilsonsimagescdn.azureedge.net/i_folder/telf/DP10NHX/04-409467-45832-Speedo%20Reading.jpg?width=210&height=160&bgcolor=ffffff; https://wilsonsimagescdn.azureedge.net/i_folder/telf/DP10NHX/12-409469-45832-Damage%20(Image%20Only).jpg?width=210&height=160&bgcolor=ffffff; https://wilsonsimagescdn.azureedge.net/i_folder/telf/DP10NHX/04-409467-45832-Speedo%20Reading.jpg?width=210&height=160&bgcolor=ffffff; https://wilsonsimagescdn.azureedge.net/i_folder/telf/DP10NHX/12-409469-45832-Damage%20(Image%20Only).jpg?width=210&height=160&bgcolor=ffffff; https://wilsonsimagescdn.azureedge.net/i_folder/telf/DP10NHX/12-409470-45832-Damage%20(Image%20Only).jpg?width=210&height=160&bgcolor=ffffff; https://wilsonsimagescdn.azureedge.net/i_folder/telf/DP10NHX/12-409469-45832-Damage%20(Image%20Only).jpg?width=210&height=160&bgcolor=ffffff; https://wilsonsimagescdn.azureedge.net/i_folder/telf/DP10NHX/12-409470-45832-Damage%20(Image%20Only).jpg?width=210&height=160&bgcolor=ffffff; https://wilsonsimagescdn.azureedge.net/i_folder/telf/DP10NHX/12-409471-45832-Damage%20(Image%20Only).jpg?width=210&height=160&bgcolor=ffffff; https://wilsonsimagescdn.azureedge.net/i_folder/telf/DP10NHX/12-409470-45832-Damage%20(Image%20Only).jpg?width=210&height=160&bgcolor=ffffff; https://wilsonsimagescdn.azureedge.net/i_folder/telf/DP10NHX/12-409471-45832-Damage%20(Image%20Only).jpg?width=210&height=160&bgcolor=ffffff; https://wilsonsimagescdn.azureedge.net/i_folder/telf/DP10NHX/12-409472-45832-Damage%20(Image%20Only).jpg?width=210&height=160&bgcolor=ffffff; https://wilsonsimagescdn.azureedge.net/i_folder/telf/DP10NHX/12-409471-45832-Damage%20(Image%20Only).jpg?width=210&height=160&bgcolor=ffffff; https://wilsonsimagescdn.azureedge.net/i_folder/telf/DP10NHX/12-409472-45832-Damage%20(Image%20Only).jpg?width=210&height=160&bgcolor=ffffff; https://wilsonsimagescdn.azureedge.net/i_folder/telf/DP10NHX/12-409473-45832-Damage%20(Image%20Only).jpg?width=210&height=160&bgcolor=ffffff; https://wilsonsimagescdn.azureedge.net/i_folder/telf/DP10NHX/12-409472-45832-Damage%20(Image%20Only).jpg?width=210&height=160&bgcolor=ffffff; https://wilsonsimagescdn.azureedge.net/i_folder/telf/DP10NHX/12-409473-45832-Damage%20(Image%20Only).jpg?width=210&height=160&bgcolor=ffffff; https://wilsonsimagescdn.azureedge.net/i_folder/telf/DP10NHX/12-409474-45832-Damage%20(Image%20Only).jpg?width=210&height=160&bgcolor=ffffff
Hyundai I20 Comfort - 1248cc,206,Wed 29 Jan at 12:00pm,25 May 2011 V5 Here,"66,392 miles","Red, Manual, Petrol, Hatchback",Nov 2025,£1475,n/a,£-5,"** DIRECT MAIN DEALER **
SERVICE STAMPS X11",https://wilsonsimagescdn.azureedge.net/i_folder/telf/CK11URT/01-411698-46045-Front%20Angle.jpg?width=210&height=160&bgcolor=ffffff; https://wilsonsimagescdn.azureedge.net/i_folder/telf/CK11URT/02-411699-46045-Rear%20Angle.jpg?width=210&height=160&bgcolor=ffffff; https://wilsonsimagescdn.azureedge.net/i_folder/telf/CK11URT/03-411700-46045-Interior.jpg?width=210&height=160&bgcolor=ffffff; https://wilsonsimagescdn.azureedge.net/i_folder/telf/CK11URT/02-411699-46045-Rear%20Angle.jpg?width=210&height=160&bgcolor=ffffff; https://wilsonsimagescdn.azureedge.net/i_folder/telf/CK11URT/03-411700-46045-Interior.jpg?width=210&height=160&bgcolor=ffffff; https://wilsonsimagescdn.azureedge.net/i_folder/telf/CK11URT/03-411701-46045-Interior.jpg?width=210&height=160&bgcolor=ffffff; https://wilsonsimagescdn.azureedge.net/i_folder/telf/CK11URT/03-411700-46045-Interior.jpg?width=210&height=160&bgcolor=ffffff; https://wilsonsimagescdn.azureedge.net/i_folder/telf/CK11URT/03-411701-46045-Interior.jpg?width=210&height=160&bgcolor=ffffff; https://wilsonsimagescdn.azureedge.net/i_folder/telf/CK11URT/03-411702-46045-Interior.jpg?width=210&height=160&bgcolor=ffffff; https://wilsonsimagescdn.azureedge.net/i_folder/telf/CK11URT/03-411701-46045-Interior.jpg?width=210&height=160&bgcolor=ffffff; https://wilsonsimagescdn.azureedge.net/i_folder/telf/CK11URT/03-411702-46045-Interior.jpg?width=210&height=160&bgcolor=ffffff; https://wilsonsimagescdn.azureedge.net/i_folder/telf/CK11URT/04-411703-46045-Speedo%20Reading.jpg?width=210&height=160&bgcolor=ffffff; https://wilsonsimagescdn.azureedge.net/i_folder/telf/CK11URT/03-411702-46045-Interior.jpg?width=210&height=160&bgcolor=ffffff; https://wilsonsimagescdn.azureedge.net/i_folder/telf/CK11URT/04-411703-46045-Speedo%20Reading.jpg?width=210&height=160&bgcolor=ffffff; https://wilsonsimagescdn.azureedge.net/i_folder/telf/CK11URT/12-411704-46045-Damage%20(Image%20Only).jpg?width=210&height=160&bgcolor=ffffff; https://wilsonsimagescdn.azureedge.net/i_folder/telf/CK11URT/04-411703-46045-Speedo%20Reading.jpg?width=210&height=160&bgcolor=ffffff; https://wilsonsimagescdn.azureedge.net/i_folder/telf/CK11URT/12-411704-46045-Damage%20(Image%20Only).jpg?width=210&height=160&bgcolor=ffffff; https://wilsonsimagescdn.azureedge.net/i_folder/telf/CK11URT/12-411705-46045-Damage%20(Image%20Only).jpg?width=210&height=160&bgcolor=ffffff; https://wilsonsimagescdn.azureedge.net/i_folder/telf/CK11URT/12-411704-46045-Damage%20(Image%20Only).jpg?width=210&height=160&bgcolor=ffffff; https://wilsonsimagescdn.azureedge.net/i_folder/telf/CK11URT/12-411705-46045-Damage%20(Image%20Only).jpg?width=210&height=160&bgcolor=ffffff; https://wilsonsimagescdn.azureedge.net/i_folder/telf/CK11URT/12-411706-46045-Damage%20(Image%20Only).jpg?width=210&height=160&bgcolor=ffffff; https://wilsonsimagescdn.azureedge.net/i_folder/telf/CK11URT/12-411705-46045-Damage%20(Image%20Only).jpg?width=210&height=160&bgcolor=ffffff; https://wilsonsimagescdn.azureedge.net/i_folder/telf/CK11URT/12-411706-46045-Damage%20(Image%20Only).jpg?width=210&height=160&bgcolor=ffffff; https://wilsonsimagescdn.azureedge.net/i_folder/telf/CK11URT/12-411707-46045-Damage%20(Image%20Only).jpg?width=210&height=160&bgcolor=ffffff; https://wilsonsimagescdn.azureedge.net/i_folder/telf/CK11URT/12-411706-46045-Damage%20(Image%20Only).jpg?width=210&height=160&bgcolor=ffffff; https://wilsonsimagescdn.azureedge.net/i_folder/telf/CK11URT/12-411707-46045-Damage%20(Image%20Only).jpg?width=210&height=160&bgcolor=ffffff; https://wilsonsimagescdn.azureedge.net/i_folder/telf/CK11URT/12-411708-46045-Damage%20(Image%20Only).jpg?width=210&height=160&bgcolor=ffffff; https://wilsonsimagescdn.azureedge.net/i_folder/telf/CK11URT/12-411707-46045-Damage%20(Image%20Only).jpg?width=210&height=160&bgcolor=ffffff; https://wilsonsimagescdn.azureedge.net/i_folder/telf/CK11URT/12-411708-46045-Damage%20(Image%20Only).jpg?width=210&height=160&bgcolor=ffffff; https://wilsonsimagescdn.azureedge.net/i_folder/telf/CK11URT/12-411709-46045-Damage%20(Image%20Only).jpg?width=210&height=160&bgcolor=ffffff; https://wilsonsimagescdn.azureedge.net/i_folder/telf/CK11URT/12-411708-46045-Damage%20(Image%20Only).jpg?width=210&height=160&bgcolor=ffffff; https://wilsonsimagescdn.azureedge.net/i_folder/telf/CK11URT/12-411709-46045-Damage%20(Image%20Only).jpg?width=210&height=160&bgcolor=ffffff; https://wilsonsimagescdn.azureedge.net/i_folder/telf/CK11URT/12-411710-46045-Damage%20(Image%20Only).jpg?width=210&height=160&bgcolor=ffffff
Nissan Note N-tec+ - 1386cc,207,Wed 29 Jan at 12:00pm,15 August 2012 V5 Here,"76,735 miles","Blue, Manual, Petrol, MPV",Jan 2026,£1650,n/a,£-5,"** DIRECT MAIN DEALER **
SERVICE STAMPS X5",https://wilsonsimagescdn.azureedge.net/i_folder/telf/CA12VZY/01-411620-46044-Front%20Angle.jpg?width=210&height=160&bgcolor=ffffff; https://wilsonsimagescdn.azureedge.net/i_folder/telf/CA12VZY/02-411621-46044-Rear%20Angle.jpg?width=210&height=160&bgcolor=ffffff; https://wilsonsimagescdn.azureedge.net/i_folder/telf/CA12VZY/03-411622-46044-Interior.jpg?width=210&height=160&bgcolor=ffffff; https://wilsonsimagescdn.azureedge.net/i_folder/telf/CA12VZY/02-411621-46044-Rear%20Angle.jpg?width=210&height=160&bgcolor=ffffff; https://wilsonsimagescdn.azureedge.net/i_folder/telf/CA12VZY/03-411622-46044-Interior.jpg?width=210&height=160&bgcolor=ffffff; https://wilsonsimagescdn.azureedge.net/i_folder/telf/CA12VZY/03-411623-46044-Interior.jpg?width=210&height=160&bgcolor=ffffff; https://wilsonsimagescdn.azureedge.net/i_folder/telf/CA12VZY/03-411622-46044-Interior.jpg?width=210&height=160&bgcolor=ffffff; https://wilsonsimagescdn.azureedge.net/i_folder/telf/CA12VZY/03-411623-46044-Interior.jpg?width=210&height=160&bgcolor=ffffff; https://wilsonsimagescdn.azureedge.net/i_folder/telf/CA12VZY/03-411624-46044-Interior.jpg?width=210&height=160&bgcolor=ffffff; https://wilsonsimagescdn.azureedge.net/i_folder/telf/CA12VZY/03-411623-46044-Interior.jpg?width=210&height=160&bgcolor=ffffff; https://wilsonsimagescdn.azureedge.net/i_folder/telf/CA12VZY/03-411624-46044-Interior.jpg?width=210&height=160&bgcolor=ffffff; https://wilsonsimagescdn.azureedge.net/i_folder/telf/CA12VZY/04-411625-46044-Speedo%20Reading.jpg?width=210&height=160&bgcolor=ffffff; https://wilsonsimagescdn.azureedge.net/i_folder/telf/CA12VZY/03-411624-46044-Interior.jpg?width=210&height=160&bgcolor=ffffff; https://wilsonsimagescdn.azureedge.net/i_folder/telf/CA12VZY/04-411625-46044-Speedo%20Reading.jpg?width=210&height=160&bgcolor=ffffff; https://wilsonsimagescdn.azureedge.net/i_folder/telf/CA12VZY/09-411626-46044-General.jpg?width=210&height=160&bgcolor=ffffff; https://wilsonsimagescdn.azureedge.net/i_folder/telf/CA12VZY/04-411625-46044-Speedo%20Reading.jpg?width=210&height=160&bgcolor=ffffff; https://wilsonsimagescdn.azureedge.net/i_folder/telf/CA12VZY/09-411626-46044-General.jpg?width=210&height=160&bgcolor=ffffff; https://wilsonsimagescdn.azureedge.net/i_folder/telf/CA12VZY/12-411627-46044-Damage%20(Image%20Only).jpg?width=210&height=160&bgcolor=ffffff; https://wilsonsimagescdn.azureedge.net/i_folder/telf/CA12VZY/09-411626-46044-General.jpg?width=210&height=160&bgcolor=ffffff; https://wilsonsimagescdn.azureedge.net/i_folder/telf/CA12VZY/12-411627-46044-Damage%20(Image%20Only).jpg?width=210&height=160&bgcolor=ffffff; https://wilsonsimagescdn.azureedge.net/i_folder/telf/CA12VZY/12-411628-46044-Damage%20(Image%20Only).jpg?width=210&height=160&bgcolor=ffffff; https://wilsonsimagescdn.azureedge.net/i_folder/telf/CA12VZY/12-411627-46044-Damage%20(Image%20Only).jpg?width=210&height=160&bgcolor=ffffff; https://wilsonsimagescdn.azureedge.net/i_folder/telf/CA12VZY/12-411628-46044-Damage%20(Image%20Only).jpg?width=210&height=160&bgcolor=ffffff; https://wilsonsimagescdn.azureedge.net/i_folder/telf/CA12VZY/12-411629-46044-Damage%20(Image%20Only).jpg?width=210&height=160&bgcolor=ffffff; https://wilsonsimagescdn.azureedge.net/i_folder/telf/CA12VZY/12-411628-46044-Damage%20(Image%20Only).jpg?width=210&height=160&bgcolor=ffffff; https://wilsonsimagescdn.azureedge.net/i_folder/telf/CA12VZY/12-411629-46044-Damage%20(Image%20Only).jpg?width=210&height=160&bgcolor=ffffff; https://wilsonsimagescdn.azureedge.net/i_folder/telf/CA12VZY/12-411630-46044-Damage%20(Image%20Only).jpg?width=210&height=160&bgcolor=ffffff; https://wilsonsimagescdn.azureedge.net/i_folder/telf/CA12VZY/12-411629-46044-Damage%20(Image%20Only).jpg?width=210&height=160&bgcolor=ffffff; https://wilsonsimagescdn.azureedge.net/i_folder/telf/CA12VZY/12-411630-46044-Damage%20(Image%20Only).jpg?width=210&height=160&bgcolor=ffffff; https://wilsonsimagescdn.azureedge.net/i_folder/telf/CA12VZY/12-411631-46044-Damage%20(Image%20Only).jpg?width=210&height=160&bgcolor=ffffff; https://wilsonsimagescdn.azureedge.net/i_folder/telf/CA12VZY/12-411630-46044-Damage%20(Image%20Only).jpg?width=210&height=160&bgcolor=ffffff; https://wilsonsimagescdn.azureedge.net/i_folder/telf/CA12VZY/12-411631-46044-Damage%20(Image%20Only).jpg?width=210&height=160&bgcolor=ffffff; https://wilsonsimagescdn.azureedge.net/i_folder/telf/CA12VZY/12-411632-46044-Damage%20(Image%20Only).jpg?width=210&height=160&bgcolor=ffffff; https://wilsonsimagescdn.azureedge.net/i_folder/telf/CA12VZY/12-411631-46044-Damage%20(Image%20Only).jpg?width=210&height=160&bgcolor=ffffff; https://wilsonsimagescdn.azureedge.net/i_folder/telf/CA12VZY/12-411632-46044-Damage%20(Image%20Only).jpg?width=210&height=160&bgcolor=ffffff; https://wilsonsimagescdn.azureedge.net/i_folder/telf/CA12VZY/12-411633-46044-Damage%20(Image%20Only).jpg?width=210&height=160&bgcolor=ffffff; https://wilsonsimagescdn.azureedge.net/i_folder/telf/CA12VZY/12-411632-46044-Damage%20(Image%20Only).jpg?width=210&height=160&bgcolor=ffffff; https://wilsonsimagescdn.azureedge.net/i_folder/telf/CA12VZY/12-411633-46044-Damage%20(Image%20Only).jpg?width=210&height=160&bgcolor=ffffff; https://wilsonsimagescdn.azureedge.net/i_folder/telf/CA12VZY/12-411634-46044-Damage%20(Image%20Only).jpg?width=210&height=160&bgcolor=ffffff; https://wilsonsimagescdn.azureedge.net/i_folder/telf/CA12VZY/12-411633-46044-Damage%20(Image%20Only).jpg?width=210&height=160&bgcolor=ffffff; https://wilsonsimagescdn.azureedge.net/i_folder/telf/CA12VZY/12-411634-46044-Damage%20(Image%20Only).jpg?width=210&height=160&bgcolor=ffffff; https://wilsonsimagescdn.azureedge.net/i_folder/telf/CA12VZY/12-411635-46044-Damage%20(Image%20Only).jpg?width=210&height=160&bgcolor=ffffff; https://wilsonsimagescdn.azureedge.net/i_folder/telf/CA12VZY/12-411634-46044-Damage%20(Image%20Only).jpg?width=210&height=160&bgcolor=ffffff; https://wilsonsimagescdn.azureedge.net/i_folder/telf/CA12VZY/12-411635-46044-Damage%20(Image%20Only).jpg?width=210&height=160&bgcolor=ffffff; https://wilsonsimagescdn.azureedge.net/i_folder/telf/CA12VZY/12-411636-46044-Damage%20(Image%20Only).jpg?width=210&height=160&bgcolor=ffffff; https://wilsonsimagescdn.azureedge.net/i_folder/telf/CA12VZY/12-411635-46044-Damage%20(Image%20Only).jpg?width=210&height=160&bgcolor=ffffff; https://wilsonsimagescdn.azureedge.net/i_folder/telf/CA12VZY/12-411636-46044-Damage%20(Image%20Only).jpg?width=210&height=160&bgcolor=ffffff; https://wilsonsimagescdn.azureedge.net/i_folder/telf/CA12VZY/12-411637-46044-Damage%20(Image%20Only).jpg?width=210&height=160&bgcolor=ffffff
Fiat 500 C Lounge - 875cc,208,Wed 29 Jan at 12:00pm,30 April 2011 V5 Here,"86,854 miles","Black, Manual, Petrol, Convertible",Mar 2025,£1925,n/a,£-5,"** DIRECT MAIN DEALER **
SERVICE STAMPS X4 // SERVICE INVOICE X1",https://wilsonsimagescdn.azureedge.net/i_folder/telf/EA11SCX/01-409400-45836-Front%20Angle.jpg?width=210&height=160&bgcolor=ffffff; https://wilsonsimagescdn.azureedge.net/i_folder/telf/EA11SCX/02-409401-45836-Rear%20Angle.jpg?width=210&height=160&bgcolor=ffffff; https://wilsonsimagescdn.azureedge.net/i_folder/telf/EA11SCX/03-409402-45836-Interior.jpg?width=210&height=160&bgcolor=ffffff
